495652,"100000163694","Opadry 03F12967 жовтий","/71533,/UA-000000000-000038146"
495645,"100000088586","Магнію стеарат","/71533,/UA-000000000-000038146"
495644,"100000164550","НАТРІЮ КРОХМАЛЬГЛІКОЛЯТ (ТИП А) PH. EUR.","/71533,/UA-000000000-000038146"
495643,"100000093455","Гіпромелоза 2910, 5 мПа·с","/71533,/UA-000000000-000038146"
495642,"100000079696","КАЛЬЦІЮ ГІДРОФОСФАТ","/71533,/UA-000000000-000038146"
495641,null,"*маніт","/71533,/UA-000000000-000038146"
495640,"100000115464","Тікагрелор","/71533,/UA-000000000-000038146"
495626,"100000087133","ЗАЛІЗА ОКСИД ЧЕРВОНИЙ (E172)","/71530,/UA-000000000-000038144"
495625,"100000076429","ОКСИД ЗАЛІЗА ЖОВТИЙ (E172)","/71530,/UA-000000000-000038144"
495624,"100000087099","Макрогол 8000","/71530,/UA-000000000-000038144"
495623,"100000078762","Тальк","/71530,/UA-000000000-000038144"
495622,"100000092217","Титану діоксид","/71530,/UA-000000000-000038144"
495621,"100000115984","Гіпромелоза 2910, 6 мПа·с","/71530,/UA-000000000-000038144"
495620,"100000088586","Магнію стеарат","/71530,/UA-000000000-000038144"
495619,"100000164550","НАТРІЮ КРОХМАЛЬГЛІКОЛЯТ (ТИП А) PH. EUR.","/71530,/UA-000000000-000038144"
495618,"100000093455","Гіпромелоза 2910, 5 мПа·с","/71530,/UA-000000000-000038144"
495617,"100000079696","КАЛЬЦІЮ ГІДРОФОСФАТ","/71530,/UA-000000000-000038144"
495616,null,"*маніт","/71530,/UA-000000000-000038144"
495615,"100000115464","Тікагрелор","/71530,/UA-000000000-000038144"
495598,"100000078532","Еритрозин","/71528,/UA-000000000-000038142"
495595,"100000092875","Ізопропіловий спирт","/71528,/UA-000000000-000038142"
495594,"100000092217","Титану діоксид","/71528,/UA-000000000-000038142"
495593,null,"*брильянтовий синій","/71528,/UA-000000000-000038142"
495592,"100000127354","Діамантовий синій алюмінієвий лак fcf (e133)","/71528,/UA-000000000-000038142"
495591,"100000092866","SUNSET ЖОВТИЙ (E110) АЛЮМІНІЄВИЙ ЛАК (E110)","/71528,/UA-000000000-000038142"
495590,"100000138421","Червоний алюмінієвий лак","/71528,/UA-000000000-000038142"
495589,"100000088586","Магнію стеарат","/71528,/UA-000000000-000038142"
495588,"100000092893","Бутиловий спирт","/71528,/UA-000000000-000038142"
495587,"100000093305","Лактози моногідрат","/71528,/UA-000000000-000038142"
495586,"100000079333","ШЕЛАК","/71528,/UA-000000000-000038142"
495585,"100000093305","Лактози моногідрат","/71528,/UA-000000000-000038142"
495584,"100000076122","ЛЕЦИТИН СОЄВИЙ","/71528,/UA-000000000-000038142"
495583,"100000078520","Пропіленгліколь","/71528,/UA-000000000-000038142"
495582,"100000092866","SUNSET ЖОВТИЙ (E110) АЛЮМІНІЄВИЙ ЛАК (E110)","/71528,/UA-000000000-000038142"
495581,null,"*червоний чарівний ас е 129","/71528,/UA-000000000-000038142"
495580,"100000078553","ЖЕЛАТИН","/71528,/UA-000000000-000038142"
495579,"100000131384","Гіпромелоза 2910, 3 мПа·с","/71528,/UA-000000000-000038142"
495578,"100000089833","Симетикон","/71528,/UA-000000000-000038142"
495577,"100000092217","Титану діоксид","/71528,/UA-000000000-000038142"
495576,"100000130462","Етилцелюлоза 100 мПа.с","/71528,/UA-000000000-000038142"
495575,"100000078553","ЖЕЛАТИН","/71528,/UA-000000000-000038142"
495574,"100000089172","Такролімус","/71528,/UA-000000000-000038142"
495502,"100000092866","SUNSET ЖОВТИЙ (E110) АЛЮМІНІЄВИЙ ЛАК (E110)","/71524,/UA-000000000-000038138"
495501,null,"*брильянтовий синій","/71524,/UA-000000000-000038138"
495500,"100000092875","Ізопропіловий спирт","/71524,/UA-000000000-000038138"
495499,"100000092217","Титану діоксид","/71524,/UA-000000000-000038138"
495498,null,"*брильянтовий синій","/71524,/UA-000000000-000038138"
495497,"100000127354","Діамантовий синій алюмінієвий лак fcf (e133)","/71524,/UA-000000000-000038138"
495496,"100000092866","SUNSET ЖОВТИЙ (E110) АЛЮМІНІЄВИЙ ЛАК (E110)","/71524,/UA-000000000-000038138"
495495,"100000138421","Червоний алюмінієвий лак","/71524,/UA-000000000-000038138"
495494,"100000088586","Магнію стеарат","/71524,/UA-000000000-000038138"
495493,"100000092893","Бутиловий спирт","/71524,/UA-000000000-000038138"
495492,"100000093305","Лактози моногідрат","/71524,/UA-000000000-000038138"
495491,"100000079333","ШЕЛАК","/71524,/UA-000000000-000038138"
495490,"100000093305","Лактози моногідрат","/71524,/UA-000000000-000038138"
495489,null,"*червоний чарівний ас е 129","/71524,/UA-000000000-000038138"
495488,"100000078553","ЖЕЛАТИН","/71524,/UA-000000000-000038138"
495487,"100000131384","Гіпромелоза 2910, 3 мПа·с","/71524,/UA-000000000-000038138"
495486,"100000089833","Симетикон","/71524,/UA-000000000-000038138"
495485,"100000092217","Титану діоксид","/71524,/UA-000000000-000038138"
495484,"100000130462","Етилцелюлоза 100 мПа.с","/71524,/UA-000000000-000038138"
495483,"100000076122","ЛЕЦИТИН СОЄВИЙ","/71524,/UA-000000000-000038138"
495482,"100000078520","Пропіленгліколь","/71524,/UA-000000000-000038138"
495481,"100000092866","SUNSET ЖОВТИЙ (E110) АЛЮМІНІЄВИЙ ЛАК (E110)","/71524,/UA-000000000-000038138"
495480,"100000078553","ЖЕЛАТИН","/71524,/UA-000000000-000038138"
495479,"100000089172","Такролімус","/71524,/UA-000000000-000038138"
495454,"100000092875","Ізопропіловий спирт","/71522,/UA-000000000-000038136"
495453,"100000092217","Титану діоксид","/71522,/UA-000000000-000038136"
495452,null,"*брильянтовий синій","/71522,/UA-000000000-000038136"
495451,"100000127354","Діамантовий синій алюмінієвий лак fcf (e133)","/71522,/UA-000000000-000038136"
495450,"100000092866","SUNSET ЖОВТИЙ (E110) АЛЮМІНІЄВИЙ ЛАК (E110)","/71522,/UA-000000000-000038136"
495449,"100000138421","Червоний алюмінієвий лак","/71522,/UA-000000000-000038136"
495448,"100000088586","Магнію стеарат","/71522,/UA-000000000-000038136"
495447,"100000092893","Бутиловий спирт","/71522,/UA-000000000-000038136"
495446,"100000093305","Лактози моногідрат","/71522,/UA-000000000-000038136"
495445,"100000079333","ШЕЛАК","/71522,/UA-000000000-000038136"
495444,"100000093305","Лактози моногідрат","/71522,/UA-000000000-000038136"
495443,null,"*червоний чарівний ас е 129","/71522,/UA-000000000-000038136"
495442,"100000078553","ЖЕЛАТИН","/71522,/UA-000000000-000038136"
495441,"100000131384","Гіпромелоза 2910, 3 мПа·с","/71522,/UA-000000000-000038136"
495440,"100000089833","Симетикон","/71522,/UA-000000000-000038136"
495439,"100000092217","Титану діоксид","/71522,/UA-000000000-000038136"
495438,"100000130462","Етилцелюлоза 100 мПа.с","/71522,/UA-000000000-000038136"
495437,"100000076122","ЛЕЦИТИН СОЄВИЙ","/71522,/UA-000000000-000038136"
495436,"100000078520","Пропіленгліколь","/71522,/UA-000000000-000038136"
495435,"100000092866","SUNSET ЖОВТИЙ (E110) АЛЮМІНІЄВИЙ ЛАК (E110)","/71522,/UA-000000000-000038136"
495433,"100000078553","ЖЕЛАТИН","/71522,/UA-000000000-000038136"
495432,"100000089172","Такролімус","/71522,/UA-000000000-000038136"
495407,"100000092875","Ізопропіловий спирт","/71519,/UA-000000000-000038134"
495406,"100000092217","Титану діоксид","/71519,/UA-000000000-000038134"
495405,null,"*брильянтовий синій","/71519,/UA-000000000-000038134"
495404,"100000127354","Діамантовий синій алюмінієвий лак fcf (e133)","/71519,/UA-000000000-000038134"
495403,"100000092866","SUNSET ЖОВТИЙ (E110) АЛЮМІНІЄВИЙ ЛАК (E110)","/71519,/UA-000000000-000038134"
495402,"100000138421","Червоний алюмінієвий лак","/71519,/UA-000000000-000038134"
495401,"100000088586","Магнію стеарат","/71519,/UA-000000000-000038134"
495400,"100000092893","Бутиловий спирт","/71519,/UA-000000000-000038134"
495399,"100000093305","Лактози моногідрат","/71519,/UA-000000000-000038134"
495398,"100000079333","ШЕЛАК","/71519,/UA-000000000-000038134"
495397,"100000093305","Лактози моногідрат","/71519,/UA-000000000-000038134"
495396,null,"*червоний чарівний ас е 129","/71519,/UA-000000000-000038134"
495395,"100000078553","ЖЕЛАТИН","/71519,/UA-000000000-000038134"
495394,"100000131384","Гіпромелоза 2910, 3 мПа·с","/71519,/UA-000000000-000038134"
495393,"100000089833","Симетикон","/71519,/UA-000000000-000038134"
495392,"100000092217","Титану діоксид","/71519,/UA-000000000-000038134"
495391,"100000130462","Етилцелюлоза 100 мПа.с","/71519,/UA-000000000-000038134"
495390,"100000076122","ЛЕЦИТИН СОЄВИЙ","/71519,/UA-000000000-000038134"
495389,"100000078520","Пропіленгліколь","/71519,/UA-000000000-000038134"
495388,"100000092866","SUNSET ЖОВТИЙ (E110) АЛЮМІНІЄВИЙ ЛАК (E110)","/71519,/UA-000000000-000038134"
495387,"100000092286","Тартразин","/71519,/UA-000000000-000038134"
495386,"100000078553","ЖЕЛАТИН","/71519,/UA-000000000-000038134"
495385,"100000089172","Такролімус","/71519,/UA-000000000-000038134"
495360,"100000089283","Агалсидаза бета","/45842,/UA-000000000-000009767"
495230,"100000078781","Сахароза","/29901,/UA-000000000-000001458"
495214,null,"*кремнію діоксид колоїдний зневоднений","/71495,/UA-000000000-000038125"
495213,"100000092217","Титану діоксид","/71495,/UA-000000000-000038125"
495212,"100000092866","SUNSET ЖОВТИЙ (E110) АЛЮМІНІЄВИЙ ЛАК (E110)","/71495,/UA-000000000-000038125"
495211,"100000093090","Хіноліновий жовтий (E 104)","/71495,/UA-000000000-000038125"
495209,"100000076414","КАРНАУБСЬКИЙ ВІСК","/71495,/UA-000000000-000038125"
495208,"100000092246","МАГНІЮ КАРБОНАТ, ЛЕГКИЙ","/71495,/UA-000000000-000038125"
495207,"100000091518","Кальцію карбонат","/71495,/UA-000000000-000038125"
495206,"100000092381","Повідон","/71495,/UA-000000000-000038125"
495205,"100000163033","СТЕАРАТ КАЛЬЦІЮ","/71495,/UA-000000000-000038125"
495204,"100000078781","Сахароза","/71495,/UA-000000000-000038125"
495203,"100000085975","Метилцелюлоза","/71495,/UA-000000000-000038125"
495202,"100000079864","КАРТОПЛЯНИЙ КРОХМАЛЬ","/71495,/UA-000000000-000038125"
495201,"100000126035","Етацизин","/71495,/UA-000000000-000038125"
494786,null,"*гліцерин","/71382,/71385,/71386,/UA-000000000-000038106"
494783,"100000132955","ВОДА, ОЧИЩЕНА","/71382,/71385,/71386,/UA-000000000-000038106"
494782,"100000078520","Пропіленгліколь","/71382,/71385,/71386,/UA-000000000-000038106"
494781,"100000159681","Полоксамер 124","/71382,/71385,/71386,/UA-000000000-000038106"
494780,"100000093022","Динатрію едетат","/71382,/71385,/71386,/UA-000000000-000038106"
494779,"100000092012","Докузат натрій","/71382,/71385,/71386,/UA-000000000-000038106"
494778,"300000017355","Симульгель 600 PHA","/71382,/71385,/71386,/UA-000000000-000038106"
494777,"100000132955","ВОДА, ОЧИЩЕНА","/71384,/UA-000000000-000038106"
494776,"100000078520","Пропіленгліколь","/71384,/UA-000000000-000038106"
494775,"100000159681","Полоксамер 124","/71384,/UA-000000000-000038106"
494774,null,"*гліцерин","/71383,/71384,/UA-000000000-000038106"
494772,"100000093022","Динатрію едетат","/71384,/UA-000000000-000038106"
494771,"100000092012","Докузат натрій","/71384,/UA-000000000-000038106"
494770,"300000017355","Симульгель 600 PHA","/71384,/UA-000000000-000038106"
494769,"100000132955","ВОДА, ОЧИЩЕНА","/71383,/UA-000000000-000038106"
494768,"100000078520","Пропіленгліколь","/71383,/UA-000000000-000038106"
494767,"100000159681","Полоксамер 124","/71383,/UA-000000000-000038106"
494766,"100000093022","Динатрію едетат","/71383,/UA-000000000-000038106"
494765,"100000092012","Докузат натрій","/71383,/UA-000000000-000038106"
494764,"300000017355","Симульгель 600 PHA","/71383,/UA-000000000-000038106"
494759,"100000087680","Адапален","/71383,/UA-000000000-000038106"
494758,"100000087680","Адапален","/71382,/71385,/71386,/UA-000000000-000038106"
494757,"100000085061","Бензоїлу пероксид","/71382,/71385,/71386,/UA-000000000-000038106"
494753,"100000087680","Адапален","/71384,/UA-000000000-000038106"
494752,"100000085061","Бензоїлу пероксид","/71384,/UA-000000000-000038106"
494751,"100000085061","Бензоїлу пероксид","/71383,/UA-000000000-000038106"
494224,null,"*полірибозилрибітол фосфат, кон’югований з правцевим протеїном","/59087,/71295,/71296,/71297,/71298,/71299,/71300,/71301,/71302,/71303,/UA-000000000-000001347"
494223,"100000144019","Полісахарид Haemophilus influenzae типу В (полірибосилрибітолу фосфат)","/59087,/71295,/71296,/71297,/71298,/71299,/71300,/71301,/71302,/71303,/UA-000000000-000001347"
494218,"100000076384","Бутилгідрокситолуол","/71287,/UA-000000000-000038074"
494217,"100000076384","Бутилгідрокситолуол","/71288,/UA-000000000-000038074"
494216,"100000081436","Метоксифлуран","/71287,/UA-000000000-000038074"
494215,"100000081436","Метоксифлуран","/71288,/UA-000000000-000038074"
494198,null,"*натрію тетраборат","/33239,/UA-000000000-000003204"
494160,"100000091827","Натрію цитрат","/49871,/UA-000000000-000011557"
494138,"100000079459","Фосфорна кислота","/71262,/UA-000000000-000016423"
494137,null,"*твін 80","/71262,/UA-000000000-000016423"
494136,"100000092043","Натрій дигідрогену фосфат дигідрат","/71262,/UA-000000000-000016423"
494135,"100000078781","Сахароза","/71262,/UA-000000000-000016423"
494134,"100000078997","Метакрезол","/71262,/UA-000000000-000016423"
494133,"100000078591","Улінастатин","/71262,/UA-000000000-000016423"
494008,"100000078099","Натрій","/49869,/71237,/UA-000000000-000011556"
494007,"100000132955","ВОДА, ОЧИЩЕНА","/41177,/71234,/71235,/71236,/UA-000000000-000007421"
494004,"100000078985","Етанол","/53450,/UA-000000000-000013303"
494003,"100000078985","Етанол","/53448,/UA-000000000-000013303"
494002,"100000078985","Етанол","/53451,/UA-000000000-000013303"
494001,"100000078985","Етанол","/53449,/UA-000000000-000013303"
493979,null,"*мікст-алерген пилковий № 4 (із пилку полину гіркого, амброзії полинолистої, лободи, соняшника звичайного) (Mixt-allergenum e pollen № 4 (Artemisia absinthium, Ambrosia artemisiifolia, Аrtiplex, Helianthus annuus));","/71226,/UA-000000000-000008419"
493978,null,"*мікст-алерген пилковий № 4 (із пилку полину гіркого, амброзії полинолистої, лободи, соняшника звичайного) (Mixt-allergenum e pollen № 4 (Artemisia absinthium, Ambrosia artemisiifolia, Аrtiplex, Helianthus annuus));","/71225,/UA-000000000-000008419"
493977,null,"*мікст-алерген пилковий № 4 (із пилку полину гіркого, амброзії полинолистої, лободи, соняшника звичайного) (Mixt-allergenum e pollen № 4 (Artemisia absinthium, Ambrosia artemisiifolia, Аrtiplex, Helianthus annuus));","/71224,/UA-000000000-000008419"
493976,null,"*мікст-алерген пилковий № 4 (із пилку полину гіркого, амброзії полинолистої, лободи, соняшника звичайного) (Mixt-allergenum e pollen № 4 (Artemisia absinthium, Ambrosia artemisiifolia, Аrtiplex, Helianthus annuus));","/71223,/UA-000000000-000008419"
493975,null,"*мікст-алерген пилковий № 4 (із пилку полину гіркого, амброзії полинолистої, лободи, соняшника звичайного) (Mixt-allergenum e pollen № 4 (Artemisia absinthium, Ambrosia artemisiifolia, Аrtiplex, Helianthus annuus));","/71222,/UA-000000000-000008419"
493974,null,"*мікст-алерген пилковий № 3 (із пилку стоколосу, пирію повзучого, жита посівного, тимофіївки лучної) (Mixt-allergenum e pollen № 3 (Bromus, Agropyrum repens, Secale cereale, Phleum pratense))","/71219,/UA-000000000-000008419"
493973,null,"*мікст-алерген пилковий № 3 (із пилку стоколосу, пирію повзучого, жита посівного, тимофіївки лучної) (Mixt-allergenum e pollen № 3 (Bromus, Agropyrum repens, Secale cereale, Phleum pratense))","/71218,/UA-000000000-000008419"
493972,"100000132785","ЕКСТРАКТ ПИЛКУ ТРАВ'ЯНОГО АЛЕРГЕНУ З ГРЯСТИЦІ, ПАХУЧОЇ ТРАВИ ЗВИЧАЙНОЇ, ПАЖИТНИЦІ БАГАТОРІЧНОЇ, ТОНКОНОГУ ЛУЧНОГО ТА ТИМОФІЇВКИ ЛУЧНОЇ","/71213,/UA-000000000-000008419"
493971,null,"*мікст-алерген пилковий № 3 (із пилку стоколосу, пирію повзучого, жита посівного, тимофіївки лучної) (Mixt-allergenum e pollen № 3 (Bromus, Agropyrum repens, Secale cereale, Phleum pratense))","/71217,/UA-000000000-000008419"
493970,"100000132785","ЕКСТРАКТ ПИЛКУ ТРАВ'ЯНОГО АЛЕРГЕНУ З ГРЯСТИЦІ, ПАХУЧОЇ ТРАВИ ЗВИЧАЙНОЇ, ПАЖИТНИЦІ БАГАТОРІЧНОЇ, ТОНКОНОГУ ЛУЧНОГО ТА ТИМОФІЇВКИ ЛУЧНОЇ","/71212,/UA-000000000-000008419"
493969,"100000132785","ЕКСТРАКТ ПИЛКУ ТРАВ'ЯНОГО АЛЕРГЕНУ З ГРЯСТИЦІ, ПАХУЧОЇ ТРАВИ ЗВИЧАЙНОЇ, ПАЖИТНИЦІ БАГАТОРІЧНОЇ, ТОНКОНОГУ ЛУЧНОГО ТА ТИМОФІЇВКИ ЛУЧНОЇ","/71216,/UA-000000000-000008419"
493968,null,"*мікст-алерген пилковий № 3 (із пилку стоколосу, пирію повзучого, жита посівного, тимофіївки лучної) (Mixt-allergenum e pollen № 3 (Bromus, Agropyrum repens, Secale cereale, Phleum pratense))","/71221,/UA-000000000-000008419"
493967,"100000132785","ЕКСТРАКТ ПИЛКУ ТРАВ'ЯНОГО АЛЕРГЕНУ З ГРЯСТИЦІ, ПАХУЧОЇ ТРАВИ ЗВИЧАЙНОЇ, ПАЖИТНИЦІ БАГАТОРІЧНОЇ, ТОНКОНОГУ ЛУЧНОГО ТА ТИМОФІЇВКИ ЛУЧНОЇ","/71215,/UA-000000000-000008419"
493966,null,"*мікст-алерген пилковий № 3 (із пилку стоколосу, пирію повзучого, жита посівного, тимофіївки лучної) (Mixt-allergenum e pollen № 3 (Bromus, Agropyrum repens, Secale cereale, Phleum pratense))","/71220,/UA-000000000-000008419"
493965,"100000132785","ЕКСТРАКТ ПИЛКУ ТРАВ'ЯНОГО АЛЕРГЕНУ З ГРЯСТИЦІ, ПАХУЧОЇ ТРАВИ ЗВИЧАЙНОЇ, ПАЖИТНИЦІ БАГАТОРІЧНОЇ, ТОНКОНОГУ ЛУЧНОГО ТА ТИМОФІЇВКИ ЛУЧНОЇ","/71214,/UA-000000000-000008419"
493931,"100000132955","ВОДА, ОЧИЩЕНА","/49274,/71191,/UA-000000000-000011291"
493554,"100000137680","ESCHERICHIA COLI ШТАМ NISSLE 1917","/59452,/UA-000000000-000008366"
493537,null,"*шипшини плоди","/53441,/UA-000000000-000013300"
493512,"100000137680","ESCHERICHIA COLI ШТАМ NISSLE 1917","/43054,/UA-000000000-000008365"
493496,"100000086036","Аскорбінова кислота","/52605,/71115,/UA-000000000-000012878"
493495,"100000090270","Парацетамол","/52605,/71115,/UA-000000000-000012878"
493494,"100000090467","Феніраміну малеат","/52605,/71115,/UA-000000000-000012878"
493493,"100000090176","Фенілефрину гідрохлорид","/52605,/71115,/UA-000000000-000012878"
493464,"100000091092","Тіаміну гідрохлорид","/47967,/UA-000000000-000010734"
493463,"100000090581","РЕТИНОЛУ АЦЕТАТ","/47967,/UA-000000000-000010734"
493462,"100000089010","Рибофлавін","/47967,/UA-000000000-000010734"
493383,"100000086036","Аскорбінова кислота","/52603,/71103,/UA-000000000-000012877"
493382,"100000090176","Фенілефрину гідрохлорид","/52603,/71103,/UA-000000000-000012877"
493381,"100000090467","Феніраміну малеат","/52603,/71103,/UA-000000000-000012877"
493380,"100000090270","Парацетамол","/52603,/71103,/UA-000000000-000012877"
493320,"100000086036","Аскорбінова кислота","/52601,/71093,/UA-000000000-000012876"
493319,"100000090467","Феніраміну малеат","/52601,/71093,/UA-000000000-000012876"
493318,"100000090176","Фенілефрину гідрохлорид","/52601,/71093,/UA-000000000-000012876"
493317,"100000090270","Парацетамол","/52601,/71093,/UA-000000000-000012876"
493293,"100000128155","НАСІННЯ ФЕНХЕЛЮ","/52846,/UA-000000000-000013022"
493267,null,"*берези бруньки","/47198,/UA-000000000-000010418"
493242,"100000086036","Аскорбінова кислота","/71082,/52599,/UA-000000000-000012875"
493241,"100000090467","Феніраміну малеат","/71082,/52599,/UA-000000000-000012875"
493240,"100000090270","Парацетамол","/71082,/52599,/UA-000000000-000012875"
493239,"100000089739","Дифтерійний анатоксин","/70584,/UA-000000000-000001221"
493238,"100000089739","Дифтерійний анатоксин","/29423,/UA-000000000-000001221"
493213,"100000076148","`Апельсин` ароматизатор","/46924,/UA-000000000-000010282"
493212,"100000086036","Аскорбінова кислота","/46924,/UA-000000000-000010282"
493210,"100000086036","Аскорбінова кислота","/52597,/71077,/UA-000000000-000012874"
493209,"100000090467","Феніраміну малеат","/52597,/71077,/UA-000000000-000012874"
493208,"100000090270","Парацетамол","/52597,/71077,/UA-000000000-000012874"
493200,"100000090239","ПОЛІМІКСИНУ В СУЛЬФАТ","/60086,/71073,/UA-000000000-000001498"
493199,"100000090029","НЕОМІЦИНУ СУЛЬФАТ","/60086,/71073,/UA-000000000-000001498"
493198,"100000092801","Формальдегід","/60086,/71073,/UA-000000000-000001498"
493118,null,"*мікст-алерген побутовий № 5 (із домашнього пилу, збагаченого dermatophagoides pteronyssinus; домашнього пилу, збагаченого dermatophagoides farinaе; домашнього пилу, збагаченого acarus siro; пір’я подушок)","/43254,/UA-000000000-000008420"
493117,null,"*мікст-алерген побутовий № 5 (із домашнього пилу, збагаченого dermatophagoides pteronyssinus; домашнього пилу, збагаченого dermatophagoides farinaе; домашнього пилу, збагаченого acarus siro; пір’я подушок)","/71065,/UA-000000000-000008420"
493116,null,"*мікст-алерген побутовий № 5 (із домашнього пилу, збагаченого dermatophagoides pteronyssinus; домашнього пилу, збагаченого dermatophagoides farinaе; домашнього пилу, збагаченого acarus siro; пір’я подушок)","/43253,/UA-000000000-000008420"
493115,null,"*мікст-алерген побутовий № 5 (із домашнього пилу, збагаченого dermatophagoides pteronyssinus; домашнього пилу, збагаченого dermatophagoides farinaе; домашнього пилу, збагаченого acarus siro; пір’я подушок)","/43251,/UA-000000000-000008420"
493114,null,"*мікст-алерген побутовий № 5 (із домашнього пилу, збагаченого dermatophagoides pteronyssinus; домашнього пилу, збагаченого dermatophagoides farinaе; домашнього пилу, збагаченого acarus siro; пір’я подушок)","/43250,/UA-000000000-000008420"
493113,null,"*мікст-алерген побутовий № 5 (із домашнього пилу, збагаченого dermatophagoides pteronyssinus; домашнього пилу, збагаченого dermatophagoides farinaе; домашнього пилу, збагаченого acarus siro; пір’я подушок)","/43249,/UA-000000000-000008420"
493004,"100000090176","Фенілефрину гідрохлорид","/52607,/71055,/UA-000000000-000012879"
493003,"100000086036","Аскорбінова кислота","/52607,/71055,/UA-000000000-000012879"
493002,"100000090467","Феніраміну малеат","/52607,/71055,/UA-000000000-000012879"
493001,"100000090270","Парацетамол","/52607,/71055,/UA-000000000-000012879"
492999,"100000078023","Вода для ін'єкцій","/42104,/UA-000000000-000007828"
492987,"100000078023","Вода для ін'єкцій","/42102,/UA-000000000-000007827"
492926,"100000086036","Аскорбінова кислота","/46921,/71038,/71039,/UA-000000000-000010281"
492808,"100000090662","LEONURI HERBA","/51732,/UA-000000000-000012477"
492798,"100000090500","Кисень","/41934,/UA-000000000-000007780"
492793,"100000078725","Індигокармін","/51228,/70930,/70931,/70932,/UA-000000000-000012259"
492792,"100000090149","ПОНСО 4R (PONCEAU 4R) (E124)","/51228,/70930,/70931,/70932,/UA-000000000-000012259"
492791,"100000135889","Натрію лаурилсульфат","/51228,/70930,/70931,/70932,/UA-000000000-000012259"
492790,"100000079337","Гідрокарбонат натрію","/51228,/70930,/70931,/70932,/UA-000000000-000012259"
492789,null,"*кремнію діоксид колоїдний зневоднений","/51228,/70930,/70931,/70932,/UA-000000000-000012259"
492788,"100000093152","Кармін","/51228,/70930,/70931,/70932,/UA-000000000-000012259"
492787,"100000079032","Триетилцитрат","/51228,/70930,/70931,/70932,/UA-000000000-000012259"
492742,"100000079299","Пропілпарагідроксибензоат","/70128,/UA-000000000-000006723"
492741,"100000088519","Метилу парагідроксибензоат","/70128,/UA-000000000-000006723"
492740,null,"*маніт","/70128,/UA-000000000-000006723"
492739,"100000079299","Пропілпарагідроксибензоат","/70127,/UA-000000000-000006723"
492738,"100000088519","Метилу парагідроксибензоат","/70126,/UA-000000000-000006723"
492737,"100000088519","Метилу парагідроксибензоат","/70127,/UA-000000000-000006723"
492736,null,"*маніт","/70127,/UA-000000000-000006723"
492735,"100000079299","Пропілпарагідроксибензоат","/70126,/UA-000000000-000006723"
492734,null,"*маніт","/70126,/UA-000000000-000006723"
492689,"100000085825","Вода","/39562,/UA-000000000-000006627"
492628,null,"*екстракт фіалки запашної листя та квітів густий (viola odorata) (1:5) (екстрагент вода)","/49555,/70893,/UA-000000000-000011420"
492627,null,"*екстракт адхатоди судинної листя густий (adhatoda vasica) (1:5) (екстрагент вода)","/49555,/70893,/UA-000000000-000011420"
492626,null,"*екстракт солодки голої коріння та кореневищ густий (glycyrrhiza glabra) (1:5) (екстрагент вода)","/49555,/70893,/UA-000000000-000011420"
492625,null,"*екстракт валеріани лікарської коріння та кореневищ густий (valeriana officinalis) (1:5) (екстрагент вода)","/49555,/70893,/UA-000000000-000011420"
492624,null,"*екстракт евкаліпта шаровидного листя густий (eucalyptus globulus) (1:5) (екстрагент вода)","/49555,/70893,/UA-000000000-000011420"
492623,null,"*екстракт фенхеля звичайного плодів густий (foniculum vulgare) (1:5) (екстрагент вода)","/49555,/70893,/UA-000000000-000011420"
492622,null,"*екстракт чаю китайського листя густий (thea sinensis) (1:5) (екстрагент вода)","/49555,/70893,/UA-000000000-000011420"
492621,null,"*екстракт верби білої кори густий (salix alba) (1:5) (екстрагент вода)","/49555,/70893,/UA-000000000-000011420"
492617,"100000090500","Кисень","/54140,/70879,/70880,/70881,/70882,/70883,/70884,/70885,/70886,/70887,/70888,/70889,/70890,/70891,/UA-000000000-000007781"
492581,"100000077287","TUSSILAGO FARFARA","/50542,/UA-000000000-000011894"
492580,"100000077287","TUSSILAGO FARFARA","/50541,/UA-000000000-000011894"
492575,null,"*екстракт чаю китайського листя густий (thea sinensis) (1:5) (екстрагент вода)","/49554,/UA-000000000-000011419"
492574,null,"*екстракт солодки голої коріння та кореневищ густий (glycyrrhiza glabra) (1:5) (екстрагент вода)","/49554,/UA-000000000-000011419"
492573,null,"*екстракт фіалки запашної листя та квітів густий (viola odorata) (1:5) (екстрагент вода)","/49554,/UA-000000000-000011419"
492572,null,"*екстракт адхатоди судинної листя густий (adhatoda vasica) (1:5) (екстрагент вода)","/49554,/UA-000000000-000011419"
492571,null,"*екстракт верби білої кори густий (salix alba) (1:5) (екстрагент вода)","/49554,/UA-000000000-000011419"
492570,null,"*екстракт валеріани лікарської коріння та кореневищ густий (valeriana officinalis) (1:5) (екстрагент вода)","/49554,/UA-000000000-000011419"
492569,null,"*екстракт евкаліпта шаровидного листя густий (eucalyptus globulus) (1:5) (екстрагент вода)","/49554,/UA-000000000-000011419"
492568,null,"*екстракт фенхеля звичайного плодів густий (foniculum vulgare) (1:5) (екстрагент вода)","/49554,/UA-000000000-000011419"
492546,null,"*екстракт чаю китайського листя густий (thea sinensis) (1:5) (екстрагент вода)","/49552,/70857,/UA-000000000-000011418"
492545,null,"*екстракт верби білої кори густий (salix alba) (1:5) (екстрагент вода)","/49552,/70857,/UA-000000000-000011418"
492544,null,"*екстракт валеріани лікарської коріння та кореневищ густий (valeriana officinalis) (1:5) (екстрагент вода)","/49552,/70857,/UA-000000000-000011418"
492543,null,"*екстракт фіалки запашної листя та квітів густий (viola odorata) (1:5) (екстрагент вода)","/49552,/70857,/UA-000000000-000011418"
492542,null,"*екстракт евкаліпта шаровидного листя густий (eucalyptus globulus) (1:5) (екстрагент вода)","/49552,/70857,/UA-000000000-000011418"
492541,null,"*екстракт адхатоди судинної листя густий (adhatoda vasica) (1:5) (екстрагент вода)","/49552,/70857,/UA-000000000-000011418"
492540,null,"*екстракт фенхеля звичайного плодів густий (foniculum vulgare) (1:5) (екстрагент вода)","/49552,/70857,/UA-000000000-000011418"
492539,null,"*екстракт солодки голої коріння та кореневищ густий (glycyrrhiza glabra) (1:5) (екстрагент вода)","/49552,/70857,/UA-000000000-000011418"
492495,null,"*екстракт м’яти перцевої листя густий (mentha piperita) (4~5:1) екстрагент вода","/50354,/UA-000000000-000011803"
492494,null,"*екстракт калгану великого кореневищ густий (alpinia galanga (l.) willd.) (4~5:1) (екстрагент вода)","/50354,/UA-000000000-000011803"
492493,null,"*екстракт іссопа лікарського листя густий (hyssopus officinalis l.) (4~5:1) (екстрагент вода)","/50354,/UA-000000000-000011803"
492492,null,"*екстракт фіалки духмяної квіток густий (viola odorata l.) (4~5:1) (екстрагент вода)","/50354,/UA-000000000-000011803"
492491,null,"*екстракт перцю довгого плодів густий (piper longum l) (4~5:1) (екстрагент вода)","/50354,/UA-000000000-000011803"
492490,null,"*екстракт cолодки голої коренів густий (glycyrrhiza glabra l.) (4~5:1) (екстрагент вода)","/50354,/UA-000000000-000011803"
492489,null,"*екстракт адхатоди судинної листя густий (adhatoda sudina ness.) (4~5:1) (екстрагент вода)","/50354,/UA-000000000-000011803"
492459,null,"*екстракт калгану великого кореневищ густий (alpinia galanga (l.) willd.) (4~5:1) (екстрагент вода)","/50353,/UA-000000000-000011802"
492458,null,"*екстракт іссопа лікарського листя густий (hyssopus officinalis l.) (4~5:1) (екстрагент вода)","/50353,/UA-000000000-000011802"
492457,null,"*екстракт фіалки духмяної квіток густий (viola odorata l.) (4~5:1) (екстрагент вода)","/50353,/UA-000000000-000011802"
492456,null,"*екстракт перцю довгого плодів густий (piper longum l) (4~5:1) (екстрагент вода)","/50353,/UA-000000000-000011802"
492455,null,"*екстракт cолодки голої коренів густий (glycyrrhiza glabra l.) (4~5:1) (екстрагент вода)","/50353,/UA-000000000-000011802"
492454,null,"*екстракт адхатоди судинної листя густий (adhatoda sudina ness.) (4~5:1) (екстрагент вода)","/50353,/UA-000000000-000011802"
492438,"100000085825","Вода","/45181,/70826,/70827,/70828,/70829,/70830,/70831,/UA-000000000-000009403"
492419,"100000078506","FOLIUM UVA URSI","/50792,/UA-000000000-000012030"
492406,null,"*спори полірезистентного штаму bacillus clausii","/59270,/70816,/70817,/UA-000000000-000011197"
492369,"100000085825","Вода","/45174,/UA-000000000-000009399"
492364,"100000085825","Вода","/45152,/70782,/70783,/70784,/70785,/70786,/70787,/70788,/70789,/70790,/70791,/70792,/70793,/70794,/UA-000000000-000009395"
492347,"100000085825","Вода","/45192,/70768,/70769,/70770,/70771,/70772,/70773,/70774,/70775,/70776,/70777,/70778,/70779,/70780,/UA-000000000-000009405"
492335,null,"*спори полірезистентного штаму bacillus clausii","/49052,/70749,/70750,/70751,/UA-000000000-000011193"
492309,null,"*квітки липи","/50300,/UA-000000000-000011777"
492308,null,"*квітки липи","/50301,/UA-000000000-000011777"
492302,null,"*пагонів леспедези двоколірної","/50292,/UA-000000000-000011773"
492301,null,"*пагонів леспедези двоколірної","/50291,/UA-000000000-000011773"
492290,null,"*лепехи кореневища","/50289,/UA-000000000-000011771"
492289,null,"*лепехи кореневища","/50288,/UA-000000000-000011771"
492288,null,"*лепехи кореневища","/50287,/UA-000000000-000011771"
492281,null,"*ламінарії","/70719,/UA-000000000-000011730"
492280,null,"*ламінарії","/70718,/UA-000000000-000011730"
492279,null,"*ламінарії","/50184,/UA-000000000-000011730"
492272,null,"*кукурудзи стовпчики з приймочками (zeae maydis styli cum stigmatis)","/50122,/UA-000000000-000011696"
492271,null,"*кукурудзи стовпчики з приймочками (zeae maydis styli cum stigmatis)","/50121,/UA-000000000-000011696"
492265,null,"*urticae folia (кропиви листя)","/58931,/UA-000000000-000011678"
492264,null,"*urticae folia (кропиви листя)","/58930,/UA-000000000-000011678"
492263,null,"*urticae folia (кропиви листя)","/58929,/UA-000000000-000011678"
492262,null,"*urticae folia (кропиви листя)","/58928,/UA-000000000-000011678"
492237,"100000090211","Хлорфенаміну малеат","/49958,/UA-000000000-000011613"
492236,"100000089693","Кофеїн","/49958,/UA-000000000-000011613"
492235,"100000086036","Аскорбінова кислота","/49958,/UA-000000000-000011613"
492234,"100000090270","Парацетамол","/49958,/UA-000000000-000011613"
492217,"100000078521","Сахарин натрію","/70686,/UA-000000000-000037947"
492216,"100000083527","Натрію цикламат","/70686,/UA-000000000-000037947"
492215,"100000079337","Гідрокарбонат натрію","/70686,/UA-000000000-000037947"
492214,"100000093142","Лимонна кислота","/70686,/UA-000000000-000037947"
492213,null,"*лимонний ароматизатор evogran","/70686,/UA-000000000-000037947"
492212,"100000078762","Тальк","/70686,/UA-000000000-000037947"
492211,"100000089026","РИБОФЛАВІНУ НАТРІЮ ФОСФАТ","/70686,/UA-000000000-000037947"
492210,"100000092381","Повідон","/70686,/UA-000000000-000037947"
492209,"100000090211","Хлорфенаміну малеат","/70686,/UA-000000000-000037947"
492208,"100000089693","Кофеїн","/70686,/UA-000000000-000037947"
492207,"100000086036","Аскорбінова кислота","/70686,/UA-000000000-000037947"
492206,"100000090270","Парацетамол","/70686,/UA-000000000-000037947"
492175,null,"*квасолі стулки плодів (phaseoli valvae fructum)","/49883,/UA-000000000-000011563"
492174,null,"*квасолі стулки плодів (phaseoli valvae fructum)","/49884,/UA-000000000-000011563"
492164,"100000076392","ПЛІД КМИНУ","/49953,/UA-000000000-000011609"
492162,"100000080119","ОЛІЯ ГВОЗДИКИ","/49365,/UA-000000000-000011322"
492161,"300000010560","Евкаліптова олія Євр. Фарм.","/49365,/UA-000000000-000011322"
492160,"100000092241","ОЛІЯ М'ЯТИ ПЕРЦЕВОЇ","/49365,/UA-000000000-000011322"
492159,"100000090737","Камфора","/49365,/UA-000000000-000011322"
492158,"100000091364","МЕНТОЛ","/49365,/UA-000000000-000011322"
492157,null,"*олії коричної","/49365,/UA-000000000-000011322"
492093,null,"*трави меліси","/49846,/70643,/70644,/UA-000000000-000011543"
492092,null,"*трави пустирника","/49846,/70643,/70644,/UA-000000000-000011543"
492091,null,"*плодів глод","/49846,/70643,/70644,/UA-000000000-000011543"
492090,null,"*кореневища з коренями валеріани","/49846,/70643,/70644,/UA-000000000-000011543"
492070,null,"*суміш спор полірезистентного штаму bacillus clausii","/49050,/70631,/UA-000000000-000011192"
492068,"100000085825","Вода","/70627,/70628,/70629,/45188,/UA-000000000-000009404"
492055,"100000078762","Тальк","/49046,/70622,/UA-000000000-000011189"
492054,"100000092193","Нікотинамід","/49046,/70622,/UA-000000000-000011189"
492053,"100000170297","ВУГІЛЛЯ, АКТИВОВАНЕ PH. EUR.","/49046,/70622,/UA-000000000-000011189"
492052,"100000089833","Симетикон","/49046,/70622,/UA-000000000-000011189"
492051,"100000079740","Папаїн","/49046,/70622,/UA-000000000-000011189"
492050,null,"*діастаза фунгальна","/49046,/70622,/UA-000000000-000011189"
492047,"100000085825","Вода","/70617,/70618,/70619,/45148,/UA-000000000-000009394"
491979,"100000092668","Естріол","/48070,/70606,/70607,/UA-000000000-000010798"
491972,"100000134471","КАЛЕНДУЛИ НАСТОЙКА","/49734,/UA-000000000-000011483"
491971,"100000134471","КАЛЕНДУЛИ НАСТОЙКА","/69072,/UA-000000000-000011483"
491970,"100000134471","КАЛЕНДУЛИ НАСТОЙКА","/69071,/UA-000000000-000011483"
491969,"100000134471","КАЛЕНДУЛИ НАСТОЙКА","/69073,/UA-000000000-000011483"
491965,"100000085825","Вода","/41089,/UA-000000000-000007371"
491945,"100000085825","Вода","/45177,/70589,/70590,/70591,/UA-000000000-000009402"
491928,"100000134471","КАЛЕНДУЛИ НАСТОЙКА","/49724,/UA-000000000-000011479"
491927,"100000134471","КАЛЕНДУЛИ НАСТОЙКА","/49723,/UA-000000000-000011479"
491926,"100000134471","КАЛЕНДУЛИ НАСТОЙКА","/49725,/UA-000000000-000011479"
491925,"100000134471","КАЛЕНДУЛИ НАСТОЙКА","/49722,/UA-000000000-000011479"
491901,"100000084931","Сертаконазолу нітрат","/49314,/UA-000000000-000011303"
491897,"100000085825","Вода","/41088,/UA-000000000-000007370"
491883,"100000085825","Вода","/45143,/70571,/70572,/70573,/UA-000000000-000009392"
491882,null,"*деревію трава (millefolii herba)","/70570,/UA-000000000-000010994"
491881,null,"*деревію трава (millefolii herba)","/48508,/UA-000000000-000010994"
491880,null,"*деревію трава (millefolii herba)","/48507,/UA-000000000-000010994"
491874,"100000085825","Вода","/41086,/UA-000000000-000007369"
491873,"100000085825","Вода","/41085,/UA-000000000-000007369"
491872,"100000085825","Вода","/41084,/UA-000000000-000007369"
491871,"100000085825","Вода","/41083,/UA-000000000-000007369"
491870,"100000085825","Вода","/41082,/UA-000000000-000007369"
491869,"100000085825","Вода","/41081,/UA-000000000-000007369"
491868,"100000085825","Вода","/41087,/UA-000000000-000007369"
491859,null,"*м’яти перцевої листя","/50463,/UA-000000000-000011861"
491834,"100000085825","Вода","/45142,/UA-000000000-000009391"
491829,"100000085825","Вода","/45141,/UA-000000000-000009390"
491828,"100000085825","Вода","/45176,/UA-000000000-000009401"
491826,"100000134471","КАЛЕНДУЛИ НАСТОЙКА","/49683,/UA-000000000-000011474"
491825,"100000134471","КАЛЕНДУЛИ НАСТОЙКА","/49682,/UA-000000000-000011474"
491824,"100000134471","КАЛЕНДУЛИ НАСТОЙКА","/49684,/UA-000000000-000011474"
491820,"100000085825","Вода","/45175,/UA-000000000-000009400"
491817,"100000085825","Вода","/45140,/UA-000000000-000009389"
491799,"100000085825","Вода","/70437,/UA-000000000-000009388"
491798,"100000085825","Вода","/70432,/UA-000000000-000009388"
491797,"100000085825","Вода","/70436,/UA-000000000-000009388"
491796,"100000085825","Вода","/45133,/UA-000000000-000009388"
491795,"100000085825","Вода","/70435,/UA-000000000-000009388"
491794,"100000085825","Вода","/70434,/UA-000000000-000009388"
491793,"100000085825","Вода","/70433,/UA-000000000-000009388"
491760,"100000085825","Вода","/70387,/UA-000000000-000009397"
491759,"100000085825","Вода","/70386,/UA-000000000-000009397"
491758,"100000085825","Вода","/70385,/UA-000000000-000009397"
491757,"100000085825","Вода","/70384,/UA-000000000-000009397"
491756,"100000085825","Вода","/45168,/UA-000000000-000009397"
491728,"100000085825","Вода","/70383,/UA-000000000-000009387"
491727,"100000085825","Вода","/70382,/UA-000000000-000009387"
491726,"100000085825","Вода","/70381,/UA-000000000-000009387"
491725,"100000085825","Вода","/70380,/UA-000000000-000009387"
491724,"100000085825","Вода","/45128,/UA-000000000-000009387"
491717,"100000085825","Вода","/41079,/UA-000000000-000007368"
491716,"100000085825","Вода","/41080,/UA-000000000-000007368"
491715,"100000085825","Вода","/41078,/UA-000000000-000007368"
491714,"100000085825","Вода","/41077,/UA-000000000-000007368"
491713,"100000085825","Вода","/41076,/UA-000000000-000007368"
491712,"100000085825","Вода","/41074,/UA-000000000-000007368"
491711,"100000085825","Вода","/41075,/UA-000000000-000007368"
491710,null,"*грициків трава (herba bursae pastoris)","/48342,/70516,/UA-000000000-000010904"
491709,null,"*грициків трава (herba bursae pastoris)","/48341,/UA-000000000-000010904"
491689,null,"*золототисячника трава","/70512,/UA-000000000-000011329"
491688,null,"*золототисячника трава","/49373,/UA-000000000-000011329"
491687,null,"*золототисячника трава","/49372,/UA-000000000-000011329"
491670,"100000092388","Триметоприм","/28752,/UA-000000000-000000891"
491669,"100000092618","Сульфаметоксазол","/28752,/UA-000000000-000000891"
491666,"100000085825","Вода","/70274,/UA-000000000-000009217"
491665,"100000085825","Вода","/70278,/UA-000000000-000009217"
491664,"100000085825","Вода","/70273,/UA-000000000-000009217"
491663,"100000085825","Вода","/70272,/UA-000000000-000009217"
491662,"100000085825","Вода","/70269,/UA-000000000-000009217"
491661,"100000085825","Вода","/70271,/UA-000000000-000009217"
491660,"100000085825","Вода","/70270,/UA-000000000-000009217"
491659,"100000085825","Вода","/70268,/UA-000000000-000009217"
491658,"100000085825","Вода","/70267,/UA-000000000-000009217"
491657,"100000085825","Вода","/44774,/UA-000000000-000009217"
491656,"100000085825","Вода","/70281,/UA-000000000-000009217"
491655,"100000085825","Вода","/70280,/UA-000000000-000009217"
491654,"100000085825","Вода","/70279,/UA-000000000-000009217"
491653,"100000085825","Вода","/70277,/UA-000000000-000009217"
491652,"100000085825","Вода","/70276,/UA-000000000-000009217"
491651,"100000085825","Вода","/70275,/UA-000000000-000009217"
491626,"100000085825","Вода","/70211,/UA-000000000-000009218"
491625,"100000085825","Вода","/70210,/UA-000000000-000009218"
491624,"100000085825","Вода","/70209,/UA-000000000-000009218"
491623,"100000085825","Вода","/70208,/UA-000000000-000009218"
491622,"100000085825","Вода","/70207,/UA-000000000-000009218"
491621,"100000085825","Вода","/70206,/UA-000000000-000009218"
491620,"100000085825","Вода","/70154,/UA-000000000-000009218"
491619,"100000085825","Вода","/70153,/UA-000000000-000009218"
491618,"100000085825","Вода","/70152,/UA-000000000-000009218"
491617,"100000085825","Вода","/70151,/UA-000000000-000009218"
491616,"100000085825","Вода","/70149,/UA-000000000-000009218"
491615,"100000085825","Вода","/70148,/UA-000000000-000009218"
491614,"100000085825","Вода","/70147,/UA-000000000-000009218"
491613,"100000085825","Вода","/70150,/UA-000000000-000009218"
491612,"100000085825","Вода","/70146,/UA-000000000-000009218"
491611,"100000085825","Вода","/44790,/UA-000000000-000009218"
491587,"100000092420","Пертехнетат (99mtc) натрій","/53662,/70481,/70482,/70483,/UA-000000000-000015501"
491491,null,"*карбонільні сполуки","/48976,/UA-000000000-000011167"
491479,null,"*метоксан","/48010,/70426,/70427,/70428,/70429,/UA-000000000-000010763"
491428,"100000085825","Вода","/41073,/UA-000000000-000007367"
491423,"100000085825","Вода","/41065,/UA-000000000-000007364"
491337,null,"*м'яти перцевої листя","/53442,/UA-000000000-000013301"
491336,"100000090863","HYPERICI HERBA","/53442,/UA-000000000-000013301"
491335,null,"*нагідок квітки","/53442,/UA-000000000-000013301"
491334,null,"*деревію трава (millefolii herba)","/53442,/UA-000000000-000013301"
491333,null,"*квіти ромашки","/53442,/UA-000000000-000013301"
491332,null,"*м'яти перцевої листя","/53443,/53444,/UA-000000000-000013301"
491331,"100000090863","HYPERICI HERBA","/53443,/53444,/UA-000000000-000013301"
491330,null,"*нагідок квітки","/53443,/53444,/UA-000000000-000013301"
491329,null,"*деревію трава (millefolii herba)","/53443,/53444,/UA-000000000-000013301"
491328,null,"*квіти ромашки","/53443,/53444,/UA-000000000-000013301"
491326,"100000085825","Вода","/45873,/UA-000000000-000009788"
491322,"100000085825","Вода","/41059,/UA-000000000-000007363"
491321,"100000085825","Вода","/41064,/UA-000000000-000007363"
491320,"100000085825","Вода","/41063,/UA-000000000-000007363"
491319,"100000085825","Вода","/41062,/UA-000000000-000007363"
491318,"100000085825","Вода","/41061,/UA-000000000-000007363"
491317,"100000085825","Вода","/41060,/UA-000000000-000007363"
491304,"100000085825","Вода","/45872,/UA-000000000-000009787"
491303,"100000085825","Вода","/45871,/UA-000000000-000009787"
491281,null,"*трава чебрецю звичайного (thymi serpylli herba)","/70261,/70262,/70263,/53736,/UA-000000000-000016084"
491280,"100000090863","HYPERICI HERBA","/70261,/70262,/70263,/53736,/UA-000000000-000016084"
491279,null,"*дуба кора","/70261,/70262,/70263,/53736,/UA-000000000-000016084"
491278,null,"*деревію трава (millefolii herba)","/70261,/70262,/70263,/53736,/UA-000000000-000016084"
491277,"100000091186",null,"/70261,/70262,/70263,/53736,/UA-000000000-000016084"
491276,null,"*глоду плоди (crataegi fructus)","/70261,/70262,/70263,/53736,/UA-000000000-000016084"
491275,null,"*ромашки квітки","/70261,/70262,/70263,/53736,/UA-000000000-000016084"
491274,"100000078985","Етанол","/70261,/70262,/70263,/53736,/UA-000000000-000016084"
491263,"100000085825","Вода","/45868,/UA-000000000-000009786"
491262,"100000085825","Вода","/45870,/UA-000000000-000009786"
491261,"100000085825","Вода","/45869,/UA-000000000-000009786"
491222,null,"*дуба кора","/53495,/70241,/70242,/70243,/70244,/UA-000000000-000013803"
491221,null,"*полин гіркий","/53495,/70241,/70242,/70243,/70244,/UA-000000000-000013803"
491220,null,"*бобівника трилистого листя","/53495,/70241,/70242,/70243,/70244,/UA-000000000-000013803"
491219,null,"*деревію трава","/53495,/70241,/70242,/70243,/70244,/UA-000000000-000013803"
491218,null,"*кореневища з коренями левзеї сафлороподібної (великоголовника)","/53495,/70241,/70242,/70243,/70244,/UA-000000000-000013803"
491217,null,"*кропу пахучого плоди (fructus anethi graveolentis)","/53495,/70241,/70242,/70243,/70244,/UA-000000000-000013803"
491216,null,"*квітки липи","/53495,/70241,/70242,/70243,/70244,/UA-000000000-000013803"
491215,"100000158138","М'ЯТИ ЛИСТЯ","/53495,/70241,/70242,/70243,/70244,/UA-000000000-000013803"
491214,null,"*лепехи кореневища","/53495,/70241,/70242,/70243,/70244,/UA-000000000-000013803"
491048,"100000078985","Етанол","/70204,/UA-000000000-000007123"
491047,"100000078985","Етанол","/70203,/UA-000000000-000007123"
491046,"100000078985","Етанол","/70205,/UA-000000000-000007123"
491043,"100000085825","Вода","/45234,/UA-000000000-000009412"
491042,"100000085825","Вода","/45233,/UA-000000000-000009412"
491041,"100000085825","Вода","/45229,/UA-000000000-000009412"
491040,"100000085825","Вода","/45232,/UA-000000000-000009412"
491039,"100000085825","Вода","/45230,/UA-000000000-000009412"
491038,"100000085825","Вода","/45231,/UA-000000000-000009412"
491037,"100000085825","Вода","/45228,/UA-000000000-000009412"
491036,"100000085825","Вода","/45227,/UA-000000000-000009412"
491014,"100000174466","ЕТАНОЛ 35 % V/V","/52088,/52086,/70192,/70193,/UA-000000000-000012630"
491001,"100000078985","Етанол","/70183,/UA-000000000-000007122"
491000,"100000078985","Етанол","/70184,/UA-000000000-000007122"
490999,"100000078985","Етанол","/70185,/UA-000000000-000007122"
490978,null,"*квітки нагідок","/51977,/UA-000000000-000012599"
490977,null,"*деревію трава (millefolii herba)","/51978,/UA-000000000-000012599"
490976,null,"*квітки нагідок","/51978,/UA-000000000-000012599"
490975,null,"*квітки ромашки (chamomillae flores)","/51978,/UA-000000000-000012599"
490974,null,"*деревію трава (millefolii herba)","/51977,/UA-000000000-000012599"
490973,null,"*квітки ромашки (chamomillae flores)","/51977,/UA-000000000-000012599"
490934,"100000085825","Вода","/45212,/UA-000000000-000009409"
490933,"100000085825","Вода","/45215,/UA-000000000-000009409"
490932,"100000085825","Вода","/45218,/UA-000000000-000009409"
490931,"100000085825","Вода","/45217,/UA-000000000-000009409"
490930,"100000085825","Вода","/45214,/UA-000000000-000009409"
490929,"100000085825","Вода","/45216,/UA-000000000-000009409"
490928,"100000085825","Вода","/45213,/UA-000000000-000009409"
490927,"100000085825","Вода","/45219,/UA-000000000-000009409"
490901,null,"*квітів ромашки екстракт рідкий (chamomilla flores extractum liquidum) (екстрагент 50 % (об/об) етанол) (1:1)","/51790,/70132,/UA-000000000-000012507"
490900,null,"*квітів ромашки екстракт рідкий (chamomilla flores extractum liquidum) (екстрагент 50 % (об/об) етанол) (1:1)","/51792,/UA-000000000-000012507"
490896,"100000091035","Ціанокобаламін","/70126,/70127,/70128,/UA-000000000-000006723"
490895,"100000089922","Піридоксину гідрохлорид","/70126,/70127,/70128,/UA-000000000-000006723"
490894,"100000078834","Аденозин","/70126,/70127,/70128,/UA-000000000-000006723"
490893,"100000076766","ЕКСТРАКТ ПЕЧІНКИ","/70126,/70127,/70128,/UA-000000000-000006723"
490892,"100000084876","Карнітину гідрохлорид","/70126,/70127,/70128,/UA-000000000-000006723"
490891,"100000084895","Карнітину оротат","/70126,/70127,/70128,/UA-000000000-000006723"
490857,"100000085825","Вода","/70113,/UA-000000000-000009411"
490856,"100000078985","Етанол","/70113,/UA-000000000-000009411"
490854,null,"*шипшини олія","/53431,/UA-000000000-000013296"
490853,null,"*шипшини олія","/53430,/UA-000000000-000013296"
490852,null,"*шипшини олія","/53429,/UA-000000000-000013296"
490851,null,"*шипшини олія","/53428,/UA-000000000-000013296"
490835,null,"*чебрецю трава (thymi serpylli herba)","/68612,/UA-000000000-000013287"
490834,null,"*чебрецю трава (thymi serpylli herba)","/68611,/UA-000000000-000013287"
490833,null,"*чебрецю трава (thymi serpylli herba)","/53406,/UA-000000000-000013287"
490832,null,"*чебрецю трава (thymi serpylli herba)","/53404,/UA-000000000-000013287"
490820,null,"*цмину піщаного квітки","/53400,/UA-000000000-000013284"
490819,null,"*цмину піщаного квітки","/68773,/UA-000000000-000013284"
490818,null,"*цмину піщаного квітки","/68772,/UA-000000000-000013284"
490805,"100000078762","Тальк","/53325,/70086,/UA-000000000-000013264"
490804,null,"*кремнію діоксид колоїдний зневоднений","/53325,/70086,/UA-000000000-000013264"
490803,"100000134658","АРТИШОКУ ЛИСТЯ СУХИЙ ЕКСТРАКТ","/53325,/70086,/UA-000000000-000013264"
490802,"100000085825","Вода","/53325,/70086,/UA-000000000-000013264"
490767,"100000085825","Вода","/39561,/UA-000000000-000006627"
490726,null,"*барвінку трава (vincae minoris herba)","/51742,/UA-000000000-000012480"
490725,null,"*омели білої пагони та листя","/70077,/51741,/UA-000000000-000012480"
490724,"100000128675","Trifolium","/51742,/UA-000000000-000012480"
490723,null,"*глоду плоди (crataegi fructus)","/51742,/UA-000000000-000012480"
490722,null,"*каштана кінського насіння (hippocastani semen)","/51742,/UA-000000000-000012480"
490721,null,"*софори японської плоди","/51742,/UA-000000000-000012480"
490720,null,"*хвоща польового трави (equiseti arvensis herba)","/51742,/UA-000000000-000012480"
490719,null,"*омели білої пагони та листя","/51742,/UA-000000000-000012480"
490718,null,"*барвінку трава (vincae minoris herba)","/70077,/51741,/UA-000000000-000012480"
490717,"100000128675","Trifolium","/70077,/51741,/UA-000000000-000012480"
490716,null,"*глоду плоди (crataegi fructus)","/70077,/51741,/UA-000000000-000012480"
490715,null,"*каштана кінського насіння (hippocastani semen)","/70077,/51741,/UA-000000000-000012480"
490714,null,"*софори японської плоди","/70077,/51741,/UA-000000000-000012480"
490713,null,"*хвоща польового трави (equiseti arvensis herba)","/70077,/51741,/UA-000000000-000012480"
490712,"100000078985","Етанол","/70077,/51741,/51742,/UA-000000000-000012480"
490653,null,"*заліза оксид жовтий е 172","/44233,/UA-000000000-000008910"
490652,"100000092217","Титану діоксид","/44233,/UA-000000000-000008910"
490638,null,"*барвінку трава (vincae minoris herba)","/66972,/UA-000000000-000034324"
490637,"100000128675","Trifolium","/66972,/UA-000000000-000034324"
490636,null,"*глоду плоди (crataegi fructus)","/66972,/UA-000000000-000034324"
490635,null,"*каштану кінського насіння","/66972,/UA-000000000-000034324"
490634,null,"*софори японської плоди","/66972,/UA-000000000-000034324"
490633,null,"*хвоща польового трави (equiseti arvensis herba)","/66972,/UA-000000000-000034324"
490632,null,"*омели білої пагони та листя","/66972,/UA-000000000-000034324"
490631,null,"*барвінку трава (vincae minoris herba)","/66970,/70046,/UA-000000000-000034324"
490630,"100000128675","Trifolium","/66970,/70046,/UA-000000000-000034324"
490629,null,"*глоду плоди (crataegi fructus)","/66970,/70046,/UA-000000000-000034324"
490628,null,"*каштана кінського насіння (hippocastani semen)","/66970,/70046,/UA-000000000-000034324"
490627,null,"*софори японської плоди","/66970,/70046,/UA-000000000-000034324"
490626,null,"*хвоща польового трави (equiseti arvensis herba)","/66970,/70046,/UA-000000000-000034324"
490625,null,"*омели білої пагони та листя","/66970,/70046,/UA-000000000-000034324"
490611,"100000085825","Вода","/39563,/UA-000000000-000006628"
490599,null,"*чистотілу трава","/53069,/UA-000000000-000013143"
490598,null,"*вівса посівного трава","/53069,/UA-000000000-000013143"
490597,null,"*півонії відхиленої кореневища та корені","/53069,/UA-000000000-000013143"
490596,null,"*чистотілу трава","/53070,/UA-000000000-000013143"
490595,"100000153097","РОЗТОРОПШІ ПЛЯМИСТОЇ ПЛОДИ","/53069,/UA-000000000-000013143"
490594,null,"*вівса посівного трава","/53070,/UA-000000000-000013143"
490593,null,"*софори японської плоди","/53069,/UA-000000000-000013143"
490592,null,"*півонії відхиленої кореневища та корені","/53070,/UA-000000000-000013143"
490591,null,"*омели білої пагони та листя","/53069,/UA-000000000-000013143"
490590,"100000153097","РОЗТОРОПШІ ПЛЯМИСТОЇ ПЛОДИ","/53070,/UA-000000000-000013143"
490589,null,"*нагідок квітки","/53069,/UA-000000000-000013143"
490588,null,"*софори японської плоди","/53070,/UA-000000000-000013143"
490587,null,"*омели білої пагони та листя","/53070,/UA-000000000-000013143"
490586,null,"*нагідок квітки","/53070,/UA-000000000-000013143"
490585,"100000164352","ЕТАНОЛ 40 % V/V","/53069,/53070,/UA-000000000-000013143"
490543,"100000079843","Калію дигідрофосфат","/43254,/UA-000000000-000008420"
490542,"100000091452","Динатрію фосфат додекагідрат","/43254,/UA-000000000-000008420"
490541,"100000079843","Калію дигідрофосфат","/43253,/UA-000000000-000008420"
490540,"100000092115","Натрію хлорид","/43254,/UA-000000000-000008420"
490539,"100000091452","Динатрію фосфат додекагідрат","/43253,/UA-000000000-000008420"
490538,"100000092115","Натрію хлорид","/43253,/UA-000000000-000008420"
490537,null,"*патока сироп глюкозний","/43253,/UA-000000000-000008420"
490536,null,"*патока сироп глюкозний","/43254,/UA-000000000-000008420"
490531,"100000079843","Калію дигідрофосфат","/43251,/UA-000000000-000008420"
490530,"100000091452","Динатрію фосфат додекагідрат","/43251,/UA-000000000-000008420"
490529,"100000092115","Натрію хлорид","/43251,/UA-000000000-000008420"
490528,null,"*патока сироп глюкозний","/43251,/UA-000000000-000008420"
490527,"100000139050","ЕТАНОЛ 30%","/53068,/UA-000000000-000013142"
490514,"100000139050","ЕТАНОЛ 30%","/53066,/70034,/UA-000000000-000013141"
490492,"100000076179","Ароматизатор `Лимон`","/70028,/52946,/70029,/70030,/UA-000000000-000013073"
490491,"100000079299","Пропілпарагідроксибензоат","/70028,/52946,/70029,/70030,/UA-000000000-000013073"
490490,"100000134175","МЕТИЛПАРАГІДРОКСИБЕНЗОАТ ЄВР. ФАРМ.","/70028,/52946,/70029,/70030,/UA-000000000-000013073"
490489,null,"*збору седативного екстракт сухий","/70028,/52946,/70029,/70030,/UA-000000000-000013073"
490488,"100000132955","ВОДА, ОЧИЩЕНА","/70028,/52946,/70029,/70030,/UA-000000000-000013073"
490403,null,"*буркуну трава (meliloti herba)","/70018,/51648,/70019,/UA-000000000-000012445"
490402,"100000079309","ЛИСТ ШАВЛІЇ (SALVIA OFFICINALIS)","/70018,/51648,/70019,/UA-000000000-000012445"
490401,null,"*чистотілу трава","/70018,/51648,/70019,/UA-000000000-000012445"
490400,null,"*софори японської плоди","/70018,/51648,/70019,/UA-000000000-000012445"
490399,null,"*ромашки квітки","/70018,/51648,/70019,/UA-000000000-000012445"
490398,null,"*leonuri cardiacae herba (собачої кропиви трава)","/70018,/51648,/70019,/UA-000000000-000012445"
490397,"100000115391","URTICAE RADIX","/70018,/51648,/70019,/UA-000000000-000012445"
490396,null,"*берези бруньки","/70018,/51648,/70019,/UA-000000000-000012445"
490395,null,"*аїру корені (calami radix)","/70018,/51648,/70019,/UA-000000000-000012445"
490394,"100000133551","ЕТАНОЛ 70%","/70018,/51648,/70019,/UA-000000000-000012445"
490380,"100000093284","ЛІПІДОСТЕРИНОВИЙ ЕКСТРАКТ SERENOA REPENS","/51628,/70011,/70012,/UA-000000000-000012437"
490360,"100000091416","ENTEROCOCCUS FAECALIS","/51587,/UA-000000000-000012415"
490359,"100000078956","ESCHERICHIA COLI","/51587,/UA-000000000-000012415"
490343,null,"*кульбаби лікарської коренів (taraxaci officinalis radix)","/51562,/UA-000000000-000012400"
490342,null,"*аїру кореневища","/51562,/UA-000000000-000012400"
490341,null,"*перстачу прямостоячого кореневища (rhizomata tormentillae)","/51562,/UA-000000000-000012400"
490340,null,"*кора дуба","/51562,/UA-000000000-000012400"
490339,null,"*трава полину гіркого","/51562,/UA-000000000-000012400"
490338,"100000090863","HYPERICI HERBA","/51562,/UA-000000000-000012400"
490337,null,"*цмину піщаного квітки","/51562,/UA-000000000-000012400"
490336,null,"*м'яти перцевої листя","/51562,/UA-000000000-000012400"
490335,null,"*кукурудзи стовпчики з приймочками (zeae maydis styli cum stigmatis)","/51562,/UA-000000000-000012400"
490323,null,"*настойки рівних співвідношень трави півонії ухильної, кореневищ та коренів півонії ухильної (1:10) (paeoniae anomalae herba – paeoniae anomalae rhizomata et radices 1:1), (екстрагент – етанол 40 %)","/51464,/51465,/UA-000000000-000012358"
490259,"100000081818","Цефепім","/69988,/UA-000000000-000037829"
490258,"100000083256","Сульбактам","/69988,/UA-000000000-000037829"
490255,"100000081818","Цефепім","/69986,/UA-000000000-000037827"
490254,"100000083256","Сульбактам","/69986,/UA-000000000-000037827"
490251,"100000076353","ЕТАНОЛ (96 ВІДСОТКІВ)","/69983,/69984,/UA-000000000-000037825"
490248,"100000132955","ВОДА, ОЧИЩЕНА","/69983,/69984,/UA-000000000-000037825"
490247,null,"*pilocarpus jaborandi spag. peka (= jaborandi) d3","/69983,/69984,/UA-000000000-000037825"
490246,"100000129877","CHAMAELIRIUM LUTEUM D3","/69983,/69984,/UA-000000000-000037825"
490245,"100000129786","ALETRIS FARINOSA D2","/69983,/69984,/UA-000000000-000037825"
490244,"100000138213","GRAPHITES D8","/69983,/69984,/UA-000000000-000037825"
490243,null,"*sanguinaria canadensis spag. peka d6","/69983,/69984,/UA-000000000-000037825"
490242,"100000077096","LAMIUM ALBUM","/69983,/69984,/UA-000000000-000037825"
490241,"100000152041","PULSATILLA PRATENSIS SPAG. PEKA D4","/69983,/69984,/UA-000000000-000037825"
490240,"100000139112","LACHESIS MUTUS РОЗ. D6","/69983,/69984,/UA-000000000-000037825"
490209,"100000085667","L-ЛЕЙЦИН","/69976,/69977,/69978,/69979,/UA-000000000-000037823"
490204,"100000078231","ЦЕЛЮЛОЗА МІКРОКРИСТАЛІЧНА","/69976,/69977,/69978,/69979,/UA-000000000-000037823"
490203,"100000092143","Каберголін","/69976,/69977,/69978,/69979,/UA-000000000-000037823"
490187,null,"*кремнію діоксид колоїдний зневоднений","/69968,/UA-000000000-000037821"
490183,"100000093064","OPADRY II БІЛИЙ","/69968,/UA-000000000-000037821"
490182,"100000078762","Тальк","/69968,/UA-000000000-000037821"
490181,"100000087131","Гіпромелоза","/69968,/UA-000000000-000037821"
490180,"100000078773","Кармелоза кальцію","/69968,/UA-000000000-000037821"
490179,"100000078231","ЦЕЛЮЛОЗА МІКРОКРИСТАЛІЧНА","/69968,/UA-000000000-000037821"
490178,"100000083204","Дексибупрофен","/69968,/UA-000000000-000037821"
490167,null,"*кремнію діоксид колоїдний зневоднений","/69966,/UA-000000000-000037819"
490163,"100000093064","OPADRY II БІЛИЙ","/69966,/UA-000000000-000037819"
490162,"100000078762","Тальк","/69966,/UA-000000000-000037819"
490161,"100000087131","Гіпромелоза","/69966,/UA-000000000-000037819"
490160,"100000078773","Кармелоза кальцію","/69966,/UA-000000000-000037819"
490159,"100000078231","ЦЕЛЮЛОЗА МІКРОКРИСТАЛІЧНА","/69966,/UA-000000000-000037819"
490158,"100000083204","Дексибупрофен","/69966,/UA-000000000-000037819"
490147,"100000092541","Трометамол","/69962,/69963,/69964,/UA-000000000-000037817"
490139,"100000078724","Хлоридна кислота","/69962,/69963,/69964,/UA-000000000-000037817"
490138,"100000078023","Вода для ін'єкцій","/69962,/69963,/69964,/UA-000000000-000037817"
490137,"100000090202","Натрію гідроксид","/69962,/69963,/69964,/UA-000000000-000037817"
490136,"100000083546","Натрію кальцію едетат","/69962,/69963,/69964,/UA-000000000-000037817"
490132,"100000083637","Йогексол","/69962,/69963,/69964,/UA-000000000-000037817"
490111,"100000078724","Хлоридна кислота","/69955,/69956,/UA-000000000-000037815"
490110,"100000092541","Трометамол","/69955,/69956,/UA-000000000-000037815"
490104,"100000078023","Вода для ін'єкцій","/69955,/69956,/UA-000000000-000037815"
490103,"100000090202","Натрію гідроксид","/69955,/69956,/UA-000000000-000037815"
490102,"100000083546","Натрію кальцію едетат","/69955,/69956,/UA-000000000-000037815"
490100,"100000083637","Йогексол","/69955,/69956,/UA-000000000-000037815"
490087,"100000078023","Вода для ін'єкцій","/69949,/69950,/69951,/UA-000000000-000037808"
490086,"100000093305","Лактози моногідрат","/69949,/69950,/69951,/UA-000000000-000037808"
490085,"100000085171","Оксаліплатин","/69949,/UA-000000000-000037808"
490084,"100000085171","Оксаліплатин","/69950,/UA-000000000-000037808"
490083,"100000085171","Оксаліплатин","/69951,/UA-000000000-000037808"
490077,"100000088586","Магнію стеарат","/69945,/UA-000000000-000037806"
490076,"100000080121","Кукурудзяний крохмаль","/69945,/UA-000000000-000037806"
490075,"100000093305","Лактози моногідрат","/69945,/UA-000000000-000037806"
490074,"100000077336","URGINEA MARITIMA","/69945,/UA-000000000-000037806"
490073,"100000129847","CRATAEGUS D1","/69945,/UA-000000000-000037806"
490072,"100000131227","CONVALLARIA MAJALIS D2","/69945,/UA-000000000-000037806"
490071,"100000141425","ADONIS VERNALIS D1","/69945,/UA-000000000-000037806"
490063,"100000078023","Вода для ін'єкцій","/69941,/69942,/69943,/UA-000000000-000037804"
490062,"100000090202","Натрію гідроксид","/69941,/69942,/69943,/UA-000000000-000037804"
490061,"100000092115","Натрію хлорид","/69941,/69942,/69943,/UA-000000000-000037804"
490060,"100000090280","Кальцію фолінат","/69943,/UA-000000000-000037804"
490059,"100000090280","Кальцію фолінат","/69942,/UA-000000000-000037804"
490058,"100000090280","Кальцію фолінат","/69941,/UA-000000000-000037804"
490051,"100000078023","Вода для ін'єкцій","/69937,/UA-000000000-000037802"
