109172,"UA/4972/01/01","package/70599","2016-07-19","2116-07-19"
109171,"UA/4972/01/01","package/70598","2016-07-19","2116-07-19"
109164,"UA/4972/01/01","package/70592","2016-07-19","2116-07-19"
109163,"UA/4972/01/01","package/70591","2016-07-19","2116-07-19"
109147,"UA/3771/01/01","package/70580","2020-10-23","2120-10-23"
109146,"UA/3771/01/01","product/38126","2020-10-23","2120-10-23"
109091,"UA/6993/01/01","package/70535","2017-05-19","2117-05-19"
109042,"UA/15311/01/01","package/70494","2021-04-28","2121-04-28"
109041,"UA/15311/01/01","package/70493","2021-04-28","2121-04-28"
109040,"UA/15311/01/01","package/70492","2021-04-28","2121-04-28"
109039,"UA/15311/01/01","package/70491","2021-04-28","2121-04-28"
109038,"UA/15311/01/01","package/70490","2021-04-28","2121-04-28"
109037,"UA/15311/01/01","product/38107","2021-04-28","2121-04-28"
108958,"UA/13080/01/01","package/70440","2019-08-30","2119-08-30"
108957,"UA/13080/01/01","package/70439","2019-08-30","2119-08-30"
108956,"UA/13080/01/01","package/70438","2019-08-30","2119-08-30"
108955,"UA/13080/01/01","package/70437","2019-08-30","2119-08-30"
108954,"UA/13080/01/01","package/70436","2019-08-30","2119-08-30"
108953,"UA/13080/01/01","package/70435","2019-08-30","2119-08-30"
108952,"UA/13080/01/01","package/70434","2019-08-30","2119-08-30"
108951,"UA/13080/01/01","package/70433","2019-08-30","2119-08-30"
108950,"UA/13080/01/01","package/70432","2019-08-30","2119-08-30"
108929,"UA/13080/01/01","package/70412","2019-08-30","2119-08-30"
108928,"UA/13080/01/01","package/70411","2019-08-30","2119-08-30"
108927,"UA/13080/01/01","package/70410","2019-08-30","2119-08-30"
108926,"UA/13080/01/01","package/70409","2019-08-30","2119-08-30"
108925,"UA/13080/01/01","package/70408","2019-08-30","2119-08-30"
108924,"UA/13080/01/01","package/70407","2019-08-30","2119-08-30"
108923,"UA/13080/01/01","package/70406","2019-08-30","2119-08-30"
108922,"UA/13080/01/01","package/70405","2019-08-30","2119-08-30"
108921,"UA/13080/01/01","package/70404","2019-08-30","2119-08-30"
108913,"UA/20271/01/01","package/70397","2023-11-14","2028-11-14"
108912,"UA/20271/01/01","package/70396","2023-11-14","2028-11-14"
108911,"UA/20271/01/01","product/38075","2023-11-14","2028-11-14"
108896,"UA/4660/01/01","package/70386","2016-12-22","2116-12-22"
108895,"UA/4660/01/01","package/70385","2016-12-22","2116-12-22"
108879,"UA/19990/01/01","package/70373","2023-04-11","2028-04-11"
108878,"UA/15261/01/01","package/70372","2021-09-15","2121-09-15"
108852,"UA/16711/02/01","package/70356","2023-02-10","2123-02-10"
108851,"UA/16711/02/01","package/70355","2023-02-10","2123-02-10"
108850,"UA/16711/02/01","package/70354","2023-02-10","2123-02-10"
108849,"UA/16711/02/01","package/70353","2023-02-10","2123-02-10"
108838,"UA/14473/01/01","package/70347","2020-07-15","2120-07-15"
108837,"UA/20580/01/01","package/70346","2024-09-05","2029-09-05"
108836,"UA/20580/01/01","package/70345","2024-09-05","2029-09-05"
108835,"UA/20580/01/01","package/70344","2024-09-05","2029-09-05"
108825,"UA/15013/01/01","package/70336","2021-08-06","2121-08-06"
108824,"UA/15013/01/01","package/70335","2021-08-06","2121-08-06"
108823,"UA/15013/01/01","package/70334","2021-08-06","2121-08-06"
108822,"UA/15013/01/01","package/70333","2021-08-06","2121-08-06"
108821,"UA/15013/01/01","package/70332","2021-08-06","2121-08-06"
108820,"UA/15013/01/01","package/70331","2021-08-06","2121-08-06"
108819,"UA/15013/01/01","package/70330","2021-08-06","2121-08-06"
108809,"UA/19861/01/01","package/70321","2023-01-12","2028-01-12"
108808,"UA/19861/01/02","package/70320","2023-01-12","2028-01-12"
108791,"UA/16711/01/01","package/70305","2022-12-15","2122-12-15"
108768,"UA/13091/01/01","package/70285","2021-03-29","2121-03-29"
108767,"UA/13091/01/01","package/70284","2021-03-29","2121-03-29"
108766,"UA/4914/01/01","package/70283","2021-08-06","2121-08-06"
108760,"UA/16711/01/02","package/70278","2022-12-15","2122-12-15"
108740,"UA/17387/01/01","package/70264","2023-12-22","2123-12-22"
108724,"UA/17861/01/01","package/70252","2024-08-02","2124-08-02"
108723,"UA/15665/01/01","package/70251","2016-12-22","2116-12-22"
108708,"UA/17386/01/01","package/70241","2023-12-13","2123-12-13"
108707,"UA/13005/01/01","package/70240","2018-03-27","2118-03-27"
108694,"UA/17816/01/01","package/70231","2024-08-02","2029-08-02"
108687,"UA/17419/01/01","package/70226","2023-12-13","2123-12-13"
108682,"UA/13939/01/01","package/70222","2019-09-13","2119-09-13"
108658,"UA/17420/01/01","package/70206","2023-12-13","2123-12-13"
108656,"UA/4068/01/01","package/70204","2020-09-17","2120-09-17"
108655,"UA/4068/01/01","package/70203","2020-09-17","2120-09-17"
108644,"UA/1527/02/01","package/70195","2020-12-22","2120-12-22"
108643,"UA/1527/02/01","package/70194","2020-12-22","2120-12-22"
108642,"UA/11945/01/01","package/70193","2017-01-23","2117-01-23"
108641,"UA/11945/01/01","package/70192","2017-01-23","2117-01-23"
108640,"UA/11945/01/01","package/70191","2017-01-23","2117-01-23"
108639,"UA/11945/01/01","package/70190","2017-01-23","2117-01-23"
108638,"UA/11945/01/01","package/70189","2017-01-23","2117-01-23"
108637,"UA/11945/01/01","package/70188","2017-01-23","2117-01-23"
108636,"UA/11945/01/01","package/70187","2017-01-23","2117-01-23"
108635,"UA/11945/01/01","package/70186","2017-01-23","2117-01-23"
108634,"UA/11945/01/01","package/70185","2017-01-23","2117-01-23"
108633,"UA/11945/01/01","package/70184","2017-01-23","2117-01-23"
108632,"UA/11945/01/01","package/70183","2017-01-23","2117-01-23"
108631,"UA/11945/01/01","package/70182","2017-01-23","2117-01-23"
108630,"UA/11945/01/01","package/70181","2017-01-23","2117-01-23"
108627,"UA/6447/01/01","package/70179","2018-02-20","2118-02-20"
108626,"UA/6447/01/01","package/70178","2018-02-20","2118-02-20"
108625,"UA/6447/01/01","package/70177","2018-02-20","2118-02-20"
108624,"UA/6447/01/01","package/70176","2018-02-20","2118-02-20"
108623,"UA/6447/01/01","package/70175","2018-02-20","2118-02-20"
108622,"UA/6447/01/01","package/70174","2018-02-20","2118-02-20"
108621,"UA/6447/01/01","package/70173","2018-02-20","2118-02-20"
108614,"UA/3353/01/01","package/70167","2020-06-15","2120-06-15"
108529,"UA/0337/01/03","package/70090","2018-10-01","2118-10-01"
108528,"UA/0337/01/03","package/70089","2018-10-01","2118-10-01"
108527,"UA/0337/01/03","package/70088","2018-10-01","2118-10-01"
108479,"UA/9042/01/01","package/70054","2020-09-04","2120-09-04"
108477,"UA/0065/01/01","package/70052","2018-11-26","2118-11-26"
108476,"UA/0065/01/01","package/70051","2018-11-26","2118-11-26"
108475,"UA/0065/01/01","package/70050","2018-11-26","2118-11-26"
108474,"UA/0065/01/01","package/70049","2018-11-26","2118-11-26"
108473,"UA/0065/01/01","package/70048","2018-11-26","2118-11-26"
108472,"UA/0065/01/01","package/70047","2018-11-26","2118-11-26"
108471,"UA/0065/01/01","package/70046","2018-11-26","2118-11-26"
108470,"UA/0065/01/01","package/70045","2018-11-26","2118-11-26"
108469,"UA/0065/01/01","package/70044","2018-11-26","2118-11-26"
108468,"UA/0065/01/01","package/70043","2018-11-26","2118-11-26"
108467,"UA/0065/01/01","package/70042","2018-11-26","2118-11-26"
108466,"UA/0065/01/01","package/70041","2018-11-26","2118-11-26"
108465,"UA/0065/01/01","package/70040","2018-11-26","2118-11-26"
108437,"UA/9038/01/01","package/70018","2020-09-09","2120-09-09"
108404,"UA/16243/01/01","package/69992","2022-03-27","2122-03-27"
108403,"UA/16243/01/01","package/69991","2022-03-27","2122-03-27"
108402,"UA/16243/01/01","package/69990","2022-03-27","2122-03-27"
108401,"UA/16243/01/01","package/69989","2022-03-27","2122-03-27"
108400,"UA/16243/01/01","package/69988","2022-03-27","2122-03-27"
108399,"UA/16243/01/01","package/69987","2022-03-27","2122-03-27"
108387,"UA/15608/01/01","package/69978","2020-11-11","2120-11-11"
108386,"UA/15608/01/01","package/69977","2020-11-11","2120-11-11"
108358,"UA/19925/01/01","package/69955","2023-03-03","2028-03-03"
108357,"UA/19925/01/01","package/69954","2023-03-03","2028-03-03"
108356,"UA/19925/01/01","package/69953","2023-03-03","2028-03-03"
108355,"UA/19925/01/01","package/69952","2023-03-03","2028-03-03"
108354,"UA/19925/01/01","package/69951","2023-03-03","2028-03-03"
108353,"UA/19925/01/01","package/69950","2023-03-03","2028-03-03"
108352,"UA/19925/01/01","package/69949","2023-03-03","2028-03-03"
108351,"UA/19925/01/01","package/69948","2023-03-03","2028-03-03"
108350,"UA/19925/01/01","package/69947","2023-03-03","2028-03-03"
108349,"UA/19925/01/01","package/69946","2023-03-03","2028-03-03"
108348,"UA/19925/01/01","package/69945","2023-03-03","2028-03-03"
108347,"UA/19925/01/01","package/69944","2023-03-03","2028-03-03"
108346,"UA/19925/01/01","package/69943","2023-03-03","2028-03-03"
108343,"UA/19925/01/02","package/69941","2023-03-03","2028-03-03"
108342,"UA/19925/01/02","package/69940","2023-03-03","2028-03-03"
108341,"UA/19925/01/02","package/69939","2023-03-03","2028-03-03"
108340,"UA/19925/01/02","package/69938","2023-03-03","2028-03-03"
108339,"UA/19925/01/02","package/69937","2023-03-03","2028-03-03"
108338,"UA/19925/01/02","package/69936","2023-03-03","2028-03-03"
108337,"UA/19925/01/02","package/69935","2023-03-03","2028-03-03"
108336,"UA/19925/01/02","package/69934","2023-03-03","2028-03-03"
108335,"UA/19925/01/02","package/69933","2023-03-03","2028-03-03"
108334,"UA/19925/01/02","package/69932","2023-03-03","2028-03-03"
108333,"UA/19925/01/02","package/69931","2023-03-03","2028-03-03"
108332,"UA/19925/01/02","package/69930","2023-03-03","2028-03-03"
108331,"UA/19925/01/02","package/69929","2023-03-03","2028-03-03"
108328,"UA/4234/01/01","package/69926","2020-10-15","2120-10-15"
108312,"UA/4234/04/01","package/69912","2020-10-15","2120-10-15"
108311,"UA/4234/04/01","package/69911","2020-10-15","2120-10-15"
108310,"UA/4234/04/01","package/69910","2020-10-15","2120-10-15"
108276,"UA/7579/01/01","package/69880","2017-11-29","2117-11-29"
108275,"UA/7579/01/01","package/69879","2017-11-29","2117-11-29"
108238,"UA/17148/01/01","package/69847","2024-06-06","2124-06-06"
108237,"UA/17148/01/01","product/37950","2024-06-06","2124-06-06"
108186,"UA/18003/01/01","package/69805","2020-03-25","2026-03-25"
108185,"UA/18003/01/01","package/69804","2020-03-25","2026-03-25"
108171,"UA/4234/02/01","package/69792","2022-03-16","2122-03-16"
108169,"UA/17228/01/02","package/69790","2024-01-29","2124-01-29"
108168,"UA/17228/01/02","package/69789","2024-01-29","2124-01-29"
108167,"UA/17228/01/02","package/69788","2024-01-29","2124-01-29"
108161,"UA/10790/01/01","package/69783","2021-12-09","2121-12-09"
108158,"UA/17228/01/01","package/69780","2024-02-15","2124-02-15"
108157,"UA/17228/01/01","package/69779","2024-02-15","2124-02-15"
108156,"UA/17228/01/01","package/69778","2024-02-15","2124-02-15"
108143,"UA/1851/01/01","package/69768","2019-08-30","2119-08-30"
108142,"UA/1851/01/01","package/69767","2019-08-30","2119-08-30"
108123,"UA/10987/01/02","package/69752","2020-07-02","2120-07-02"
108122,"UA/10987/01/02","package/69751","2020-07-02","2120-07-02"
108121,"UA/10987/01/02","package/69750","2020-07-02","2120-07-02"
108115,"UA/15846/01/01","package/69745","2017-03-20","2117-03-20"
108100,"UA/10987/01/01","package/69734","2020-07-08","2120-07-08"
108099,"UA/10987/01/01","package/69733","2020-07-08","2120-07-08"
108098,"UA/10987/01/01","package/69732","2020-07-08","2120-07-08"
108097,"UA/5671/01/01","package/69731","2016-05-18","2116-05-18"
107992,"UA/3526/01/01","package/69649","2021-10-01","2121-10-01"
107991,"UA/3526/01/01","package/69648","2021-10-01","2121-10-01"
107990,"UA/3526/01/01","package/69647","2021-10-01","2121-10-01"
107935,"UA/17700/01/01","package/69604","2024-04-05","2124-04-05"
107934,"UA/17700/01/01","package/69603","2024-04-05","2124-04-05"
107933,"UA/17700/01/01","package/69602","2024-04-05","2124-04-05"
107932,"UA/17700/01/01","package/69601","2024-04-05","2124-04-05"
107931,"UA/17700/01/01","package/69600","2024-04-05","2124-04-05"
107930,"UA/17700/01/01","package/69599","2024-04-05","2124-04-05"
107926,"UA/1279/01/01","package/69596","2019-04-26","2119-04-26"
107925,"UA/1279/01/01","package/69595","2019-04-26","2119-04-26"
107924,"UA/1279/01/01","package/69594","2019-04-26","2119-04-26"
107923,"UA/1279/01/01","package/69593","2019-04-26","2119-04-26"
107882,"UA/17310/01/02","package/69554","2024-01-26","2124-01-26"
107881,"UA/17310/01/02","package/69553","2024-01-26","2124-01-26"
107880,"UA/17310/01/02","package/69552","2024-01-26","2124-01-26"
107879,"UA/17310/01/02","package/69551","2024-01-26","2124-01-26"
107878,"UA/17310/01/01","package/69550","2024-01-26","2124-01-26"
107877,"UA/17310/01/01","package/69549","2024-01-26","2124-01-26"
107876,"UA/17310/01/01","package/69548","2024-01-26","2124-01-26"
107875,"UA/17310/01/01","package/69547","2024-01-26","2124-01-26"
107762,"UA/15963/01/01","package/69448","2021-08-18","2121-08-18"
107761,"UA/15963/01/01","package/69447","2021-08-18","2121-08-18"
107760,"UA/15963/01/01","package/69446","2021-08-18","2121-08-18"
107759,"UA/15963/01/01","package/69445","2021-08-18","2121-08-18"
107758,"UA/15963/01/01","package/69444","2021-08-18","2121-08-18"
107757,"UA/15963/01/01","package/69443","2021-08-18","2121-08-18"
107756,"UA/15963/01/01","package/69442","2021-08-18","2121-08-18"
107755,"UA/15963/01/01","package/69441","2021-08-18","2121-08-18"
107754,"UA/15963/01/01","package/69440","2021-08-18","2121-08-18"
107753,"UA/15963/01/01","package/69439","2021-08-18","2121-08-18"
107752,"UA/15963/01/01","package/69438","2021-08-18","2121-08-18"
107751,"UA/15963/01/01","package/69437","2021-08-18","2121-08-18"
107750,"UA/15963/01/01","package/69436","2021-08-18","2121-08-18"
107749,"UA/15963/01/01","package/69435","2021-08-18","2121-08-18"
107748,"UA/15963/01/01","package/69434","2021-08-18","2121-08-18"
107743,"UA/10255/01/01","package/69430","2020-08-28","2120-08-28"
107742,"UA/10255/01/01","package/69429","2020-08-28","2120-08-28"
107741,"UA/10255/01/01","package/69428","2020-08-28","2120-08-28"
107722,"UA/8099/01/01","package/69411","2023-06-08","2123-06-08"
107721,"UA/8099/01/01","package/69410","2023-06-08","2123-06-08"
107720,"UA/8099/01/01","package/69409","2023-06-08","2123-06-08"
107719,"UA/8099/01/01","package/69408","2023-06-08","2123-06-08"
107685,"UA/15963/01/02","package/69378","2021-08-18","2121-08-18"
107684,"UA/15963/01/02","package/69377","2021-08-18","2121-08-18"
107683,"UA/15963/01/02","package/69376","2021-08-18","2121-08-18"
107682,"UA/15963/01/02","package/69375","2021-08-18","2121-08-18"
107681,"UA/15963/01/02","package/69374","2021-08-18","2121-08-18"
107680,"UA/15963/01/02","package/69373","2021-08-18","2121-08-18"
107671,"UA/8992/01/01","package/69366","2018-06-21","2118-06-21"
107670,"UA/8992/01/01","package/69365","2018-06-21","2118-06-21"
107633,"UA/15963/01/02","package/69333","2021-08-18","2121-08-18"
107632,"UA/15963/01/02","package/69332","2021-08-18","2121-08-18"
107631,"UA/15963/01/02","package/69331","2021-08-18","2121-08-18"
107630,"UA/15963/01/02","package/69330","2021-08-18","2121-08-18"
107629,"UA/15963/01/02","package/69329","2021-08-18","2121-08-18"
107628,"UA/15963/01/02","package/69328","2021-08-18","2121-08-18"
107627,"UA/15963/01/02","package/69327","2021-08-18","2121-08-18"
107626,"UA/15963/01/02","package/69326","2021-08-18","2121-08-18"
107625,"UA/15963/01/02","package/69325","2021-08-18","2121-08-18"
107610,"UA/8838/01/01","package/69312","2018-07-13","2118-07-13"
107606,"UA/5324/01/01","package/69308","2016-09-15","2116-09-15"
107605,"UA/5324/01/01","package/69307","2016-09-15","2116-09-15"
107562,"UA/4186/01/01","package/69270","2021-07-15","2121-07-15"
107553,"UA/9617/01/01","package/69263","2019-04-03","2119-04-03"
107519,"UA/9617/01/01","package/69232","2019-04-03","2119-04-03"
107501,"UA/16495/01/01","package/69220","2022-07-22","2122-07-22"
107496,"UA/8853/02/01","package/69216","2018-04-27","2118-04-27"
107495,"UA/8853/02/01","package/69215","2018-04-27","2118-04-27"
107494,"UA/8853/02/01","package/69214","2018-04-27","2118-04-27"
107483,"UA/4204/01/01","package/69205","2020-12-02","2120-12-02"
107482,"UA/4204/01/01","package/69204","2020-12-02","2120-12-02"
107475,"UA/11072/01/01","package/69198","2021-11-16","2121-11-16"
107474,"UA/11072/01/01","package/69197","2021-11-16","2121-11-16"
107460,"UA/0337/01/01","package/69187","2018-11-20","2118-11-20"
107459,"UA/0337/01/01","package/69186","2018-11-20","2118-11-20"
107458,"UA/0337/01/01","package/69185","2018-11-20","2118-11-20"
107445,"UA/13969/01/02","package/69174","2025-08-11","2125-08-11"
107444,"UA/13969/01/02","product/37830","2025-08-11","2125-08-11"
107441,"UA/13969/01/01","package/69172","2025-08-11","2125-08-11"
107440,"UA/13969/01/01","product/37828","2025-08-11","2125-08-11"
107437,"UA/13591/01/01","package/69170","2025-08-11","2125-08-11"
107436,"UA/13591/01/01","package/69169","2025-08-11","2125-08-11"
107435,"UA/13591/01/01","product/37826","2025-08-11","2125-08-11"
107430,"UA/18103/01/01","package/69165","2025-08-11","2125-08-11"
107429,"UA/18103/01/01","package/69164","2025-08-11","2125-08-11"
107428,"UA/18103/01/01","package/69163","2025-08-11","2125-08-11"
107427,"UA/18103/01/01","package/69162","2025-08-11","2125-08-11"
107426,"UA/18103/01/01","product/37824","2025-08-11","2125-08-11"
107417,"UA/18367/01/02","package/69154","2025-08-11","2125-08-11"
107416,"UA/18367/01/02","product/37822","2025-08-11","2125-08-11"
107413,"UA/18367/01/01","package/69152","2025-08-11","2125-08-11"
107412,"UA/18367/01/01","product/37820","2025-08-11","2125-08-11"
107409,"UA/18233/01/01","package/69150","2025-08-11","2125-08-11"
107408,"UA/18233/01/01","package/69149","2025-08-11","2125-08-11"
107407,"UA/18233/01/01","package/69148","2025-08-11","2125-08-11"
107406,"UA/18233/01/01","product/37818","2025-08-11","2125-08-11"
107399,"UA/18233/01/02","package/69142","2025-08-11","2125-08-11"
107398,"UA/18233/01/02","package/69141","2025-08-11","2125-08-11"
107397,"UA/18233/01/02","product/37816","2025-08-11","2125-08-11"
107390,"UA/18529/01/01","package/69136","2025-08-11","2125-08-11"
107389,"UA/18529/01/01","product/37813","2025-08-11","2125-08-11"
107386,"UA/18420/01/01","package/69134","2025-08-11","2125-08-11"
107385,"UA/18420/01/01","product/37811","2025-08-11","2125-08-11"
107382,"UA/20927/01/01","package/69132","2025-08-11","2030-08-11"
107381,"UA/20927/01/01","package/69131","2025-08-11","2030-08-11"
107380,"UA/20927/01/01","package/69130","2025-08-11","2030-08-11"
107379,"UA/20927/01/01","product/37809","2025-08-11","2030-08-11"
107374,"UA/20937/01/01","package/69126","2025-08-11","2030-08-11"
107373,"UA/20937/01/01","product/37807","2025-08-11","2030-08-11"
107370,"UA/20938/01/01","package/69124","2025-08-11","2030-08-11"
107369,"UA/20938/01/01","package/69123","2025-08-11","2030-08-11"
107368,"UA/20938/01/01","package/69122","2025-08-11","2030-08-11"
107367,"UA/20938/01/01","product/37805","2025-08-11","2030-08-11"
107362,"UA/20923/01/01","package/69118","2025-08-11","2030-08-11"
107361,"UA/20923/01/01","product/37803","2025-08-11","2030-08-11"
107358,"UA/20935/01/01","package/69116","2025-08-11","2030-08-11"
107357,"UA/20935/01/01","product/37801","2025-08-11","2030-08-11"
107354,"UA/20934/01/01","package/69114","2025-08-11","2030-08-11"
107353,"UA/20934/01/01","product/37799","2025-08-11","2030-08-11"
107350,"UA/20936/01/01","package/69112","2025-08-11","2030-08-11"
107349,"UA/20936/01/01","product/37797","2025-08-11","2030-08-11"
107346,"UA/20945/01/01","package/69110","2025-08-11","2030-08-11"
107345,"UA/20945/01/01","package/69109","2025-08-11","2030-08-11"
107344,"UA/20945/01/01","package/69108","2025-08-11","2030-08-11"
107343,"UA/20945/01/01","package/69107","2025-08-11","2030-08-11"
107342,"UA/20945/01/01","package/69106","2025-08-11","2030-08-11"
107341,"UA/20945/01/01","package/69105","2025-08-11","2030-08-11"
107340,"UA/20945/01/01","package/69104","2025-08-11","2030-08-11"
107339,"UA/20945/01/01","package/69103","2025-08-11","2030-08-11"
107338,"UA/20945/01/01","product/37795","2025-08-11","2030-08-11"
107324,"UA/20942/01/01","package/69092","2025-08-11","2030-08-11"
107323,"UA/20942/01/01","product/37791","2025-08-11","2030-08-11"
107318,"UA/20941/01/01","package/69089","2025-08-11","2030-08-11"
107317,"UA/20941/01/01","product/37788","2025-08-11","2030-08-11"
107314,"UA/20940/01/01","package/69087","2025-08-11","2030-08-11"
107313,"UA/20940/01/01","product/37786","2025-08-11","2030-08-11"
107306,"UA/20928/01/01","package/69083","2025-08-11","2030-08-11"
107305,"UA/20928/01/01","product/37782","2025-08-11","2030-08-11"
107302,"UA/20950/01/01","package/69081","2025-08-11","2030-08-11"
107301,"UA/20950/01/01","package/69080","2025-08-11","2030-08-11"
107300,"UA/20950/01/01","product/37780","2025-08-11","2030-08-11"
107296,"UA/20950/01/02","package/69077","2025-08-11","2030-08-11"
107295,"UA/20950/01/02","package/69076","2025-08-11","2030-08-11"
107294,"UA/20950/01/02","product/37778","2025-08-11","2030-08-11"
107290,"UA/20949/01/01","package/69073","2025-08-11","2030-08-11"
107289,"UA/20949/01/01","product/37776","2025-08-11","2030-08-11"
107284,"UA/20948/01/01","package/69070","2025-08-11","2030-08-11"
107283,"UA/20948/01/01","product/37773","2025-08-11","2030-08-11"
107278,"UA/20947/01/01","package/69067","2025-08-11","2030-08-11"
107277,"UA/20947/01/01","product/37770","2025-08-11","2030-08-11"
107274,"UA/20946/01/01","package/69065","2025-08-11","2030-08-11"
107273,"UA/20946/01/01","package/69064","2025-08-11","2030-08-11"
107272,"UA/20946/01/01","product/37768","2025-08-11","2030-08-11"
107266,"UA/20952/01/01","package/69060","2025-08-11","2030-08-11"
107265,"UA/20952/01/01","product/37765","2025-08-11","2030-08-11"
107262,"UA/20951/01/01","package/69058","2025-08-11","2030-08-11"
107261,"UA/20951/01/01","package/69057","2025-08-11","2030-08-11"
107260,"UA/20951/01/01","product/37763","2025-08-11","2030-08-11"
107254,"UA/20943/01/01","package/69053","2025-08-11","2030-08-11"
107253,"UA/20943/01/01","product/37760","2025-08-11","2030-08-11"
107247,"UA/20943/01/02","package/69049","2025-08-11","2030-08-11"
107246,"UA/20943/01/02","product/37757","2025-08-11","2030-08-11"
107240,"UA/20939/01/01","package/69045","2025-08-11","2030-08-11"
107239,"UA/20939/01/01","product/37754","2025-08-11","2030-08-11"
107200,"UA/20109/01/02","package/69015","2023-07-05","2028-07-05"
107199,"UA/20109/01/02","package/69014","2023-07-05","2028-07-05"
107198,"UA/20109/01/02","package/69013","2023-07-05","2028-07-05"
107197,"UA/20109/01/02","package/69012","2023-07-05","2028-07-05"
107193,"UA/10622/01/01","package/69009","2020-10-30","2120-10-30"
107187,"UA/8550/01/01","package/69004","2018-02-07","2118-02-07"
107179,"UA/4577/01/01","package/68997","2020-10-15","2120-10-15"
107178,"UA/4577/01/01","package/68996","2020-10-15","2120-10-15"
107165,"UA/20109/01/01","package/68985","2023-07-05","2028-07-05"
107156,"UA/16722/01/01","package/68978","2022-12-15","2122-12-15"
107155,"UA/16722/01/01","package/68977","2022-12-15","2122-12-15"
107072,"UA/16371/01/01","package/68927","2022-01-13","2122-01-13"
106876,"UA/19195/01/01","package/68779","2022-02-04","2027-02-04"
106875,"UA/19195/01/01","package/68778","2022-02-04","2027-02-04"
106874,"UA/19195/01/01","product/37656","2022-02-04","2027-02-04"
106863,"UA/12283/01/01","package/68771","2017-04-27","2117-04-27"
106853,"UA/19195/01/01","package/68765","2022-02-04","2027-02-04"
106846,"UA/6363/01/02","package/68760","2018-01-17","2118-01-17"
106845,"UA/6363/01/02","product/37645","2018-01-17","2118-01-17"
106844,"UA/5271/01/01","package/68759","2017-01-05","2117-01-05"
106843,"UA/5271/01/01","package/68758","2017-01-05","2117-01-05"
106828,"UA/6363/01/01","package/68747","2018-01-17","2118-01-17"
106827,"UA/6363/01/01","product/37640","2018-01-17","2118-01-17"
106818,"UA/16826/01/01","package/68741","2023-07-17","2123-07-17"
106817,"UA/16826/01/01","package/68740","2023-07-17","2123-07-17"
106816,"UA/16826/01/01","product/37636","2023-07-17","2123-07-17"
106804,"UA/6363/01/03","package/68731","2018-01-17","2118-01-17"
106803,"UA/6363/01/03","product/37632","2018-01-17","2118-01-17"
106795,"UA/18715/01/01","package/68726","2021-04-23","2026-04-23"
106776,"UA/14044/01/02","package/68713","2024-05-17","2124-05-17"
106775,"UA/14044/01/01","package/68712","2024-05-17","2124-05-17"
106754,"UA/20255/01/02","package/68695","2023-11-14","2028-11-14"
106753,"UA/20255/01/02","product/37618","2023-11-14","2028-11-14"
106752,"UA/14043/01/02","package/68694","2024-05-17","2124-05-17"
106751,"UA/14043/01/01","package/68693","2024-05-17","2124-05-17"
106750,"UA/20255/01/01","package/68692","2023-11-14","2028-11-14"
106749,"UA/20255/01/01","product/37617","2023-11-14","2028-11-14"
106742,"UA/19599/01/01","package/68686","2022-08-16","2027-08-16"
106739,"UA/7359/01/01","package/68683","2018-02-07","2118-02-07"
106738,"UA/7359/01/01","package/68682","2018-02-07","2118-02-07"
106724,"UA/18205/01/01","package/68672","2020-07-20","2026-07-20"
106723,"UA/18205/01/01","package/68671","2020-07-20","2026-07-20"
106722,"UA/18205/01/01","product/37611","2020-07-20","2026-07-20"
106713,"UA/18908/01/01","package/68664","2021-08-18","2026-08-18"
106712,"UA/18908/01/01","package/68663","2021-08-18","2026-08-18"
106709,"UA/13056/01/01","package/68660","2018-11-07","2118-11-07"
106708,"UA/13056/01/01","product/37608","2018-11-07","2118-11-07"
106703,"UA/18908/01/03","package/68656","2021-08-18","2026-08-18"
106702,"UA/18908/01/03","package/68655","2021-08-18","2026-08-18"
106664,"UA/8039/01/01","package/68632","2017-11-29","2117-11-29"
106663,"UA/8039/01/01","product/37591","2017-11-29","2117-11-29"
106640,"UA/5894/01/01","package/68613","2016-12-22","2116-12-22"
106609,"UA/15243/01/01","package/68591","2020-12-29","2120-12-29"
106608,"UA/15243/01/01","package/68590","2020-12-29","2120-12-29"
106607,"UA/15243/01/01","package/68589","2020-12-29","2120-12-29"
106606,"UA/15243/01/01","package/68588","2020-12-29","2120-12-29"
106605,"UA/15243/01/01","package/68587","2020-12-29","2120-12-29"
106586,"UA/6550/01/01","package/68570","2017-04-28","2117-04-28"
106546,"UA/11206/01/01","package/68540","2020-04-09","2120-04-09"
106545,"UA/11206/01/01","package/68539","2020-04-09","2120-04-09"
106544,"UA/11206/01/01","product/37565","2020-04-09","2120-04-09"
106519,"UA/10950/02/01","package/68520","2020-04-23","2120-04-23"
106518,"UA/10950/02/01","package/68519","2020-04-23","2120-04-23"
106512,"UA/10688/01/01","package/68514","2019-08-30","2119-08-30"
106500,"UA/3466/01/01","package/68505","2019-01-24","2119-01-24"
106495,"UA/1138/01/01","package/68502","2019-07-05","2119-07-05"
106494,"UA/16630/01/01","package/68501","2022-07-29","2122-07-29"
106493,"UA/16630/01/01","package/68500","2022-07-29","2122-07-29"
106492,"UA/16630/01/01","package/68499","2022-07-29","2122-07-29"
106491,"UA/16630/01/01","package/68498","2022-07-29","2122-07-29"
106490,"UA/16630/01/01","package/68497","2022-07-29","2122-07-29"
106487,"UA/17838/01/01","package/68495","2024-02-22","2124-02-22"
106469,"UA/10792/01/01","package/68484","2015-08-04","2115-08-04"
106454,"UA/15603/01/01","package/68474","2021-02-03","2121-02-03"
106451,"UA/13920/01/02","package/68472","2019-08-21","2119-08-21"
106450,"UA/13920/01/02","package/68471","2019-08-21","2119-08-21"
106444,"UA/5808/01/01","package/68466","2021-05-25","2121-05-25"
106439,"UA/13920/01/02","package/68462","2019-08-21","2119-08-21"
106438,"UA/13920/01/02","package/68461","2019-08-21","2119-08-21"
106437,"UA/13920/01/02","package/68460","2019-08-21","2119-08-21"
106436,"UA/13920/01/02","product/37536","2019-08-21","2119-08-21"
106420,"UA/3541/01/02","package/68447","2017-06-30","2117-06-30"
106419,"UA/3541/01/02","package/68446","2017-06-30","2117-06-30"
106412,"UA/12922/01/01","package/68440","2018-08-16","2118-08-16"
106411,"UA/12922/01/01","package/68439","2018-08-16","2118-08-16"
106396,"UA/17056/01/01","package/68427","2023-11-17","2123-11-17"
106394,"UA/17021/01/01","package/68425","2023-01-14","2123-01-14"
106381,"UA/5394/01/01","package/68418","2016-09-15","2116-09-15"
106380,"UA/5394/01/01","package/68417","2016-09-15","2116-09-15"
106375,"UA/12314/01/01","package/68414","2017-04-27","2117-04-27"
106371,"UA/4900/01/01","package/68411","2021-04-13","2121-04-13"
106370,"UA/4900/01/01","package/68410","2021-04-13","2121-04-13"
106369,"UA/4900/01/01","package/68409","2021-04-13","2121-04-13"
106368,"UA/4900/01/01","package/68408","2021-04-13","2121-04-13"
106367,"UA/4900/01/01","package/68407","2021-04-13","2121-04-13"
106366,"UA/4900/01/01","package/68406","2021-04-13","2121-04-13"
106365,"UA/4900/01/01","package/68405","2021-04-13","2121-04-13"
106340,"UA/0845/01/01","package/68381","2018-11-30","2118-11-30"
106339,"UA/0845/01/01","product/37518","2018-11-30","2118-11-30"
106297,"UA/15071/01/01","package/68345","2021-03-11","2121-03-11"
106296,"UA/15071/01/01","product/37511","2021-03-11","2121-03-11"
106293,"UA/16740/01/01","package/68343","2016-05-30","2116-05-30"
106282,"UA/11810/01/01","package/68337","2016-05-04","2116-05-04"
106250,"UA/14891/01/01","package/68315","2020-09-09","2120-09-09"
106249,"UA/14891/01/01","package/68314","2020-09-09","2120-09-09"
106248,"UA/14891/01/01","product/37494","2020-09-09","2120-09-09"
106239,"UA/15838/01/01","package/68308","2017-03-02","2026-03-02"
106235,"UA/14892/01/01","package/68305","2020-09-09","2120-09-09"
106234,"UA/14892/01/01","package/68304","2020-09-09","2120-09-09"
106233,"UA/14892/01/01","product/37489","2020-09-09","2120-09-09"
106230,"UA/20758/01/01","package/68302","2025-02-10","2030-02-10"
106227,"UA/11777/01/01","package/68300","2016-04-26","2116-04-26"
106224,"UA/18980/01/01","package/68298","2021-10-07","2026-10-07"
106220,"UA/14893/01/01","package/68295","2020-09-09","2120-09-09"
106219,"UA/14893/01/01","package/68294","2020-09-09","2120-09-09"
106218,"UA/14893/01/01","product/37484","2020-09-09","2120-09-09"
106211,"UA/6589/02/01","package/68289","2018-11-26","2118-11-26"
106210,"UA/6589/02/01","package/68288","2018-11-26","2118-11-26"
106200,"UA/2559/01/02","package/68280","2019-10-17","2119-10-17"
106199,"UA/2559/01/02","package/68279","2019-10-17","2119-10-17"
106198,"UA/2559/01/02","package/68278","2019-10-17","2119-10-17"
106197,"UA/2559/01/02","package/68277","2019-10-17","2119-10-17"
106196,"UA/2559/01/02","product/37479","2019-10-17","2119-10-17"
106195,"UA/15970/01/01","package/68276","2022-05-16","2122-05-16"
106194,"UA/15970/01/01","package/68275","2022-05-16","2122-05-16"
106193,"UA/15970/01/01","package/68274","2022-05-16","2122-05-16"
106192,"UA/15970/01/01","package/68273","2022-05-16","2122-05-16"
106182,"UA/1638/01/01","package/68265","2019-07-05","2119-07-05"
106181,"UA/1638/01/01","package/68264","2019-07-05","2119-07-05"
106180,"UA/1638/01/01","package/68263","2019-07-05","2119-07-05"
106174,"UA/2559/01/01","package/68258","2019-10-17","2119-10-17"
106173,"UA/2559/01/01","package/68257","2019-10-17","2119-10-17"
106172,"UA/2559/01/01","package/68256","2019-10-17","2119-10-17"
106171,"UA/2559/01/01","package/68255","2019-10-17","2119-10-17"
106170,"UA/2559/01/01","product/37475","2019-10-17","2119-10-17"
106164,"UA/12921/01/01","package/68250","2019-01-24","2119-01-24"
106163,"UA/12921/01/01","package/68249","2019-01-24","2119-01-24"
106147,"UA/17639/01/01","package/68237","2023-11-10","2123-11-10"
106143,"UA/14958/01/01","package/68233","2020-10-15","2120-10-15"
106142,"UA/14958/01/01","package/68232","2020-10-15","2120-10-15"
106141,"UA/14958/01/01","package/68231","2020-10-15","2120-10-15"
106140,"UA/14958/01/01","product/37469","2020-10-15","2120-10-15"
106137,"UA/19138/01/01","package/68229","2021-12-23","2026-12-23"
106124,"UA/17231/01/01","package/68220","2024-02-02","2124-02-02"
106123,"UA/17231/01/01","package/68219","2024-02-02","2124-02-02"
106122,"UA/17231/01/01","package/68218","2024-02-02","2124-02-02"
106104,"UA/20345/01/01","package/68203","2024-01-29","2029-01-29"
106103,"UA/20345/01/01","product/37460","2024-01-29","2029-01-29"
106089,"UA/10610/01/01","package/68195","2020-04-09","2120-04-09"
106084,"UA/3541/01/01","package/68191","2020-03-25","2120-03-25"
106083,"UA/3541/01/01","package/68190","2020-03-25","2120-03-25"
106069,"UA/6741/01/01","package/68179","2017-07-04","2117-07-04"
106058,"UA/19138/02/01","package/68172","2021-12-23","2026-12-23"
106052,"UA/2865/01/02","package/68168","2024-10-03","2124-10-03"
106051,"UA/2865/01/02","product/37443","2024-10-03","2124-10-03"
106050,"UA/2865/01/01","package/68167","2024-10-03","2124-10-03"
106049,"UA/2865/01/01","product/37442","2024-10-03","2124-10-03"
106032,"UA/16299/01/01","package/68157","2023-04-11","2123-04-11"
106025,"UA/19107/01/01","package/68153","2021-12-09","2026-12-09"
106024,"UA/19107/01/01","product/37431","2021-12-09","2026-12-09"
106021,"UA/16166/01/01","package/68151","2022-03-15","2122-03-15"
106017,"UA/14671/01/01","package/68148","2020-10-12","2120-10-12"
106009,"UA/6444/01/01","package/68142","2017-02-15","2117-02-15"
105984,"UA/18880/01/01","package/68124","2021-08-06","2026-08-06"
105981,"UA/13103/01/01","package/68122","2018-05-11","2118-05-11"
105974,"UA/5456/01/01","package/68118","2016-07-19","2116-07-19"
105961,"UA/19527/01/01","package/68110","2022-07-07","2027-07-07"
105958,"UA/9365/01/01","package/68108","2019-05-28","2119-05-28"
105934,"UA/17229/01/01","package/68095","2023-08-25","2123-08-25"
105933,"UA/17229/01/02","package/68094","2023-08-25","2123-08-25"
105907,"UA/8827/01/01","package/68077","2018-07-27","2118-07-27"
105906,"UA/8827/01/01","package/68076","2018-07-27","2118-07-27"
105905,"UA/8827/01/01","package/68075","2018-07-27","2118-07-27"
105904,"UA/8827/01/01","product/37389","2018-07-27","2118-07-27"
105893,"UA/10949/01/01","package/68068","2015-06-05","2115-06-05"
105892,"UA/8714/02/02","package/68067","2023-06-21","2123-06-21"
105888,"UA/19216/01/01","package/68064","2022-02-17","2027-02-17"
105881,"UA/6048/01/01","package/68059","2017-06-30","2117-06-30"
105873,"UA/14306/01/01","package/68053","2019-11-14","2119-11-14"
105865,"UA/10968/01/01","package/68047","2020-08-11","2120-08-11"
105864,"UA/10968/01/01","product/37377","2020-08-11","2120-08-11"
105863,"UA/8714/02/01","package/68046","2023-06-21","2123-06-21"
105854,"UA/10968/02/01","package/68040","2018-08-03","2118-08-03"
105853,"UA/10968/02/01","package/68039","2018-08-03","2118-08-03"
105852,"UA/10968/02/01","product/37373","2018-08-03","2118-08-03"
105834,"UA/16257/01/01","package/68027","2022-03-15","2122-03-15"
105831,"UA/11882/01/01","package/68025","2017-03-02","2117-03-02"
105826,"UA/6046/01/01","package/68022","2016-05-04","2116-05-04"
105821,"UA/8714/01/02","package/68019","2018-08-16","2118-08-16"
105820,"UA/16670/01/01","package/68018","2018-04-26","2026-04-26"
105812,"UA/17966/01/02","package/68013","2020-03-06","2026-03-06"
105799,"UA/17966/01/01","package/68004","2020-03-06","2026-03-06"
105792,"UA/12399/01/01","package/67999","2017-10-04","2117-10-04"
105791,"UA/18029/01/01","package/67998","2024-10-31","2124-10-31"
105790,"UA/18029/01/01","product/37352","2024-10-31","2124-10-31"
105788,"UA/8714/01/01","package/67996","2018-08-16","2118-08-16"
105776,"UA/16678/01/01","package/67988","2023-07-17","2123-07-17"
105771,"UA/15889/01/01","package/67985","2021-07-08","2121-07-08"
105770,"UA/16845/01/02","package/67984","2023-06-08","2123-06-08"
105769,"UA/16845/01/02","package/67983","2023-06-08","2123-06-08"
105768,"UA/16845/01/02","product/37345","2023-06-08","2123-06-08"
105765,"UA/16845/01/01","package/67981","2023-06-08","2123-06-08"
105764,"UA/16845/01/01","package/67980","2023-06-08","2123-06-08"
105763,"UA/16845/01/01","product/37343","2023-06-08","2123-06-08"
105757,"UA/14458/01/01","package/67975","2020-04-09","2120-04-09"
105754,"UA/20426/01/01","package/67973","2024-04-12","2029-04-12"
105751,"UA/20169/01/01","package/67971","2023-08-25","2028-08-25"
105729,"UA/5107/01/01","package/67958","2016-11-10","2116-11-10"
105715,"UA/15564/01/01","package/67949","2021-07-30","2121-07-30"
105714,"UA/17702/01/01","package/67948","2024-07-09","2124-07-09"
105713,"UA/17702/01/01","package/67947","2024-07-09","2124-07-09"
105712,"UA/17702/01/01","package/67946","2024-07-09","2124-07-09"
105711,"UA/17702/01/01","product/37325","2024-07-09","2124-07-09"
105706,"UA/18006/01/01","package/67943","2020-03-25","2026-03-25"
105704,"UA/19646/01/01","package/67941","2022-10-12","2025-10-12"
105703,"UA/19646/01/01","package/67940","2022-10-12","2025-10-12"
105702,"UA/19646/01/01","package/67939","2022-10-12","2025-10-12"
105689,"UA/11608/03/02","package/67928","2019-05-17","2119-05-17"
105688,"UA/11608/03/02","package/67927","2019-05-17","2119-05-17"
105687,"UA/11608/03/02","product/37320","2019-05-17","2119-05-17"
105686,"UA/11608/03/01","package/67926","2019-05-17","2119-05-17"
105685,"UA/11608/03/01","product/37319","2019-05-17","2119-05-17"
105676,"UA/14436/01/01","package/67920","2020-01-17","2120-01-17"
105658,"UA/19250/01/01","package/67910","2022-03-15","2027-03-15"
105653,"UA/18436/01/01","package/67907","2020-11-11","2025-11-11"
105648,"UA/16336/01/01","package/67904","2022-07-18","2122-07-18"
105645,"UA/13551/01/01","package/67902",null,"2118-10-04"
105642,"UA/15483/01/01","package/67900","2020-12-22","2120-12-22"
105635,"UA/8895/01/01","package/67896","2018-02-07","2118-02-07"
105630,"UA/9462/01/01","package/67893","2019-01-24","2119-01-24"
105620,"UA/15775/01/02","package/67886","2017-03-02","2026-03-02"
105618,"UA/15775/01/01","package/67885","2017-03-02","2026-03-02"
105617,"UA/6136/02/01","package/67884","2019-02-05","2119-02-05"
105616,"UA/6136/02/01","package/67883","2019-02-05","2119-02-05"
105615,"UA/6136/02/01","product/37292","2019-02-05","2119-02-05"
105611,"UA/14867/01/01","package/67880","2020-07-08","2120-07-08"
105610,"UA/15981/01/01","package/67879","2022-07-29","2122-07-29"
105599,"UA/15553/01/01","package/67872","2021-07-08","2121-07-08"
105568,"UA/18538/01/03","package/67852","2021-01-26","2026-01-26"
105567,"UA/18538/01/03","package/67851","2021-01-26","2026-01-26"
105566,"UA/18538/01/03","product/37275","2021-01-26","2026-01-26"
105565,"UA/8896/01/01","package/67850","2018-05-11","2118-05-11"
105559,"UA/14633/01/01","package/67846","2020-10-23","2025-10-23"
105558,"UA/14633/01/01","package/67845","2020-10-23","2025-10-23"
105557,"UA/14633/01/01","package/67844","2020-10-23","2025-10-23"
105556,"UA/14633/01/01","product/37272","2020-10-23","2025-10-23"
105548,"UA/2478/01/01","package/67839","2017-07-25","2117-07-25"
105547,"UA/2478/01/01","package/67838","2017-07-25","2117-07-25"
105514,"UA/14101/01/05","package/67817","2020-02-17","2120-02-17"
105512,"UA/10461/02/01","package/67815","2020-08-04","2120-08-04"
105511,"UA/10461/02/01","product/37256","2020-08-04","2120-08-04"
105507,"UA/14101/01/04","package/67812","2020-02-17","2120-02-17"
105505,"UA/19793/01/01","package/67810","2022-12-15","2027-12-15"
105499,"UA/14101/01/03","package/67806","2020-02-17","2120-02-17"
105495,"UA/18039/01/01","package/67803","2024-07-12","2124-07-12"
105494,"UA/19688/01/01","package/67802","2022-10-07","2027-10-07"
105493,"UA/19688/01/01","package/67801","2022-10-07","2027-10-07"
105492,"UA/19688/01/01","package/67800","2022-10-07","2027-10-07"
105491,"UA/19688/01/01","product/37251","2022-10-07","2027-10-07"
105485,"UA/14101/01/02","package/67796","2020-02-17","2120-02-17"
105480,"UA/18345/01/01","package/67792","2025-02-11","2125-02-11"
105473,"UA/18345/01/01","package/67787","2020-09-30","2025-09-30"
105472,"UA/19688/01/01","package/67786","2022-10-07","2027-10-07"
105471,"UA/19688/01/01","package/67785","2022-10-07","2027-10-07"
105470,"UA/19315/01/01","package/67784","2022-04-22","2027-04-22"
105465,"UA/13941/01/01","package/67781","2019-02-22","2119-02-22"
105460,"UA/9745/01/01","package/67777","2018-11-20","2118-11-20"
105449,"UA/11349/01/01","package/67769","2015-10-26","2115-10-26"
105445,"UA/13442/01/01","package/67767","2018-06-21","2118-06-21"
105392,"UA/16268/01/01","package/67721",null,"2122-03-15"
105383,"UA/16209/01/01","package/67716","2022-07-02","2027-07-02"
105382,"UA/16209/01/01","product/37226","2022-07-02","2027-07-02"
105373,"UA/0338/01/01","package/67711","2019-03-21","2119-03-21"
105370,"UA/17325/01/01","package/67709","2023-12-11","2123-12-11"
105361,"UA/4126/01/01","package/67704","2020-08-04","2120-08-04"
105358,"UA/12343/01/01","package/67702","2016-12-22","2116-12-22"
105355,"UA/7139/01/01","package/67700","2018-03-21","2118-03-21"
105354,"UA/7139/01/01","package/67699","2018-03-21","2118-03-21"
105353,"UA/7139/01/01","product/37214","2018-03-21","2118-03-21"
105352,"UA/2144/01/01","package/67698","2019-06-13","2119-06-13"
105343,"UA/18901/01/02","package/67692","2021-08-11","2026-08-11"
105342,"UA/18901/01/02","package/67691","2021-08-11","2026-08-11"
105341,"UA/18901/01/02","package/67690","2021-08-11","2026-08-11"
105340,"UA/18901/01/02","product/37210","2021-08-11","2026-08-11"
105336,"UA/2343/01/01","package/67688","2019-06-24","2119-06-24"
105333,"UA/16470/01/01","package/67686","2016-06-24","2116-06-24"
105332,"UA/18901/01/01","package/67685","2021-08-11","2026-08-11"
105331,"UA/18901/01/01","package/67684","2021-08-11","2026-08-11"
105330,"UA/18901/01/01","package/67683","2021-08-11","2026-08-11"
105329,"UA/18901/01/01","product/37206","2021-08-11","2026-08-11"
105328,"UA/9882/01/01","package/67682","2020-10-15","2120-10-15"
105315,"UA/13266/01/01","package/67673","2018-03-19","2118-03-19"
105310,"UA/9945/01/01","package/67670","2024-04-29","2124-04-29"
105309,"UA/4530/02/03","package/67669","2016-12-22","2116-12-22"
105303,"UA/4530/02/02","package/67664","2016-12-22","2116-12-22"
105299,"UA/9250/01/01","package/67661","2019-02-22","2119-02-22"
105298,"UA/9250/01/01","package/67660","2019-02-22","2119-02-22"
105297,"UA/9250/01/01","package/67659","2019-02-22","2119-02-22"
105293,"UA/4530/02/01","package/67656","2016-12-22","2116-12-22"
105287,"UA/3310/01/01","package/67651","2019-10-31","2119-10-31"
105285,"UA/9945/01/02","package/67649","2024-04-29","2124-04-29"
105217,"UA/8926/01/02","package/67602","2018-03-06","2118-03-06"
105216,"UA/8926/01/02","package/67601","2018-03-06","2118-03-06"
105215,"UA/8926/01/02","package/67600","2018-03-06","2118-03-06"
105214,"UA/8926/01/02","package/67599","2018-03-06","2118-03-06"
105213,"UA/8926/01/02","product/37174","2018-03-06","2118-03-06"
105201,"UA/12560/01/02","package/67590","2017-10-04","2117-10-04"
105200,"UA/8926/01/01","package/67589","2018-03-06","2118-03-06"
105199,"UA/8926/01/01","package/67588","2018-03-06","2118-03-06"
105198,"UA/8926/01/01","package/67587","2018-03-06","2118-03-06"
105197,"UA/8926/01/01","package/67586","2018-03-06","2118-03-06"
105196,"UA/8926/01/01","product/37170","2018-03-06","2118-03-06"
105195,"UA/5612/01/01","package/67585","2020-10-23","2120-10-23"
105189,"UA/12560/01/01","package/67581","2017-10-04","2117-10-04"
105186,"UA/7138/01/01","package/67579","2017-10-13","2117-10-13"
105167,"UA/20691/01/01","package/67565","2024-12-13","2029-12-13"
105166,"UA/20691/01/01","package/67564","2024-12-13","2029-12-13"
105165,"UA/20691/01/01","product/37161","2024-12-13","2029-12-13"
105157,"UA/7110/01/01","package/67558","2017-10-13","2117-10-13"
105156,"UA/7110/01/01","package/67557","2017-10-13","2117-10-13"
105155,"UA/5666/01/01","package/67556","2017-08-09","2117-08-09"
105147,"UA/14073/01/01","package/67549","2019-11-21","2119-11-21"
105146,"UA/17281/01/01","package/67548","2023-12-11","2123-12-11"
105145,"UA/17281/01/01","product/37157","2023-12-11","2123-12-11"
105142,"UA/1969/02/01","package/67546","2019-05-30","2119-05-30"
105141,"UA/1969/02/01","package/67545","2019-05-30","2119-05-30"
105140,"UA/1969/02/01","product/37155","2019-05-30","2119-05-30"
105125,"UA/5335/01/01","package/67534","2016-09-21","2116-09-21"
105118,"UA/6822/01/01","package/67529","2017-06-09","2117-06-09"
105113,"UA/12853/01/01","package/67525","2018-04-04","2118-04-04"
105104,"UA/4727/01/01","package/67519","2016-05-18","2116-05-18"
105090,"UA/3389/01/01","package/67509","2019-08-30","2119-08-30"
105088,"UA/16861/01/01","package/67507","2023-01-14","2123-01-14"
105081,"UA/11128/01/01","package/67504","2020-03-25","2120-03-25"
105077,"UA/15700/01/01","package/67502","2021-03-23","2121-03-23"
105072,"UA/8199/01/01","package/67499","2018-10-22","2118-10-22"
105071,"UA/8199/01/01","package/67498","2018-10-22","2118-10-22"
105070,"UA/8199/01/01","product/37134","2018-10-22","2118-10-22"
105068,"UA/17873/01/01","package/67496","2024-07-09","2124-07-09"
105063,"UA/8199/01/02","package/67492","2018-10-22","2118-10-22"
105062,"UA/8199/01/02","product/37132","2018-10-22","2118-10-22"
105061,"UA/20499/01/01","package/67491","2024-07-08","2029-07-08"
105060,"UA/20499/01/01","package/67490","2024-07-08","2029-07-08"
105059,"UA/20499/01/01","package/67489","2024-07-08","2029-07-08"
105050,"UA/19080/01/01","package/67481","2021-12-02","2026-12-02"
105049,"UA/19080/01/01","package/67480","2021-12-02","2026-12-02"
105048,"UA/19080/01/01","package/67479","2021-12-02","2026-12-02"
105047,"UA/19080/01/01","package/67478","2021-12-02","2026-12-02"
105046,"UA/19080/01/01","package/67477","2021-12-02","2026-12-02"
105033,"UA/11067/01/01","package/67465","2020-04-23","2120-04-23"
105021,"UA/1364/01/01","package/67457","2019-11-21","2119-11-21"
105020,"UA/1364/01/01","product/37125","2019-11-21","2119-11-21"
105019,"UA/18375/01/01","package/67456","2025-07-18","2125-07-18"
105018,"UA/18375/01/01","package/67455","2025-07-18","2125-07-18"
105017,"UA/18375/01/01","package/67454","2025-07-18","2125-07-18"
105016,"UA/18375/01/01","package/67453","2025-07-18","2125-07-18"
105015,"UA/18375/01/01","package/67452","2025-07-18","2125-07-18"
105014,"UA/18375/01/01","package/67451","2025-07-18","2125-07-18"
105013,"UA/18375/01/01","product/37124","2025-07-18","2125-07-18"
105012,"UA/18375/01/02","package/67450","2025-07-18","2125-07-18"
105011,"UA/18375/01/02","package/67449","2025-07-18","2125-07-18"
105010,"UA/18375/01/02","package/67448","2025-07-18","2125-07-18"
105009,"UA/18375/01/02","package/67447","2025-07-18","2125-07-18"
105008,"UA/18375/01/02","package/67446","2025-07-18","2125-07-18"
105007,"UA/18375/01/02","package/67445","2025-07-18","2125-07-18"
105006,"UA/18375/01/02","product/37123","2025-07-18","2125-07-18"
105005,"UA/18325/01/01","package/67444","2025-07-18","2125-07-18"
105004,"UA/18325/01/01","product/37122","2025-07-18","2125-07-18"
104994,"UA/2922/01/01","package/67438","2020-04-23","2120-04-23"
104993,"UA/2922/01/01","product/37117","2020-04-23","2120-04-23"
104990,"UA/5650/01/02","package/67436","2016-11-10","2116-11-10"
104989,"UA/5650/01/02","package/67435","2016-11-10","2116-11-10"
104982,"UA/5650/01/02","package/67429","2016-11-10","2116-11-10"
104981,"UA/5650/01/02","package/67428","2016-11-10","2116-11-10"
104980,"UA/5650/01/02","package/67427","2016-11-10","2116-11-10"
104979,"UA/5650/01/02","product/37114","2016-11-10","2116-11-10"
104970,"UA/20326/01/01","package/67420","2024-01-15","2029-01-15"
104969,"UA/20326/01/01","product/37111","2024-01-15","2029-01-15"
104954,"UA/20773/01/01","package/67412","2025-02-11","2030-02-11"
104953,"UA/20773/01/01","product/37103","2025-02-11","2030-02-11"
104952,"UA/17029/01/01","package/67411","2025-07-18","2125-07-18"
104951,"UA/17029/01/01","package/67410","2025-07-18","2125-07-18"
104950,"UA/17029/01/01","product/37102","2025-07-18","2125-07-18"
104943,"UA/17235/01/01","package/67406","2023-11-17","2123-11-17"
104942,"UA/17235/01/01","product/37098","2023-11-17","2123-11-17"
104939,"UA/7955/02/01","package/67404","2017-09-28","2117-09-28"
104938,"UA/7955/02/01","package/67403","2017-09-28","2117-09-28"
104937,"UA/7955/02/01","package/67402","2017-09-28","2117-09-28"
104936,"UA/7955/02/01","package/67401","2017-09-28","2117-09-28"
104935,"UA/7955/02/01","product/37096","2017-09-28","2117-09-28"
104930,"UA/19128/01/01","package/67398","2022-01-11","2027-01-11"
104929,"UA/19128/01/01","product/37093","2022-01-11","2027-01-11"
104917,"UA/16366/01/01","package/67389","2022-06-20","2122-06-20"
104916,"UA/16366/01/01","package/67388","2022-06-20","2122-06-20"
104915,"UA/16366/01/01","package/67387","2022-06-20","2122-06-20"
104914,"UA/16366/01/01","package/67386","2022-06-20","2122-06-20"
104913,"UA/16366/01/01","package/67385","2022-06-20","2122-06-20"
104912,"UA/16366/01/01","package/67384","2022-06-20","2122-06-20"
104911,"UA/16366/01/01","product/37089","2022-06-20","2122-06-20"
104893,"UA/18211/01/01","package/67368","2025-07-18","2125-07-18"
104892,"UA/18211/01/01","package/67367","2025-07-18","2125-07-18"
104891,"UA/18211/01/01","package/67366","2025-07-18","2125-07-18"
104890,"UA/18211/01/01","package/67365","2025-07-18","2125-07-18"
104889,"UA/18211/01/01","product/37086","2025-07-18","2125-07-18"
104885,"UA/19184/01/01","package/67363","2022-01-26","2026-01-26"
104884,"UA/19184/01/01","product/37083","2022-01-26","2026-01-26"
104883,"UA/18002/01/01","package/67362","2025-07-18","2125-07-18"
104882,"UA/18002/01/01","product/37082","2025-07-18","2125-07-18"
104878,"UA/17441/01/02","package/67360","2024-04-05","2124-04-05"
104877,"UA/17441/01/02","product/37079","2024-04-05","2124-04-05"
104876,"UA/18567/01/01","package/67359","2025-07-18","2125-07-18"
104875,"UA/18567/01/01","product/37078","2025-07-18","2125-07-18"
104871,"UA/17441/01/01","package/67357","2024-04-05","2124-04-05"
104870,"UA/17441/01/01","product/37075","2024-04-05","2124-04-05"
104869,"UA/17578/01/01","package/67356","2025-07-18","2125-07-18"
104868,"UA/17578/01/01","package/67355","2025-07-18","2125-07-18"
104867,"UA/17578/01/01","package/67354","2025-07-18","2125-07-18"
104866,"UA/17578/01/01","product/37074","2025-07-18","2125-07-18"
104858,"UA/17578/01/02","package/67348","2025-07-18","2125-07-18"
104857,"UA/17578/01/02","package/67347","2025-07-18","2125-07-18"
104856,"UA/17578/01/02","package/67346","2025-07-18","2125-07-18"
104855,"UA/17578/01/02","product/37071","2025-07-18","2125-07-18"
104850,"UA/14341/01/01","package/67343","2020-04-09","2120-04-09"
104849,"UA/14341/01/01","product/37068","2020-04-09","2120-04-09"
104842,"UA/14341/01/02","package/67339","2020-04-09","2120-04-09"
104841,"UA/14341/01/02","product/37064","2020-04-09","2120-04-09"
104838,"UA/17689/01/01","package/67337","2024-01-29","2124-01-29"
104831,"UA/18435/01/01","package/67332","2025-07-18","2125-07-18"
104830,"UA/18435/01/01","package/67331","2025-07-18","2125-07-18"
104829,"UA/18435/01/01","package/67330","2025-07-18","2125-07-18"
104828,"UA/18435/01/01","product/37060","2025-07-18","2125-07-18"
104827,"UA/14464/01/01","package/67329","2019-10-31","2119-10-31"
104826,"UA/18435/01/02","package/67328","2025-07-18","2125-07-18"
104825,"UA/18435/01/02","package/67327","2025-07-18","2125-07-18"
104824,"UA/18435/01/02","product/37059","2025-07-18","2125-07-18"
104821,"UA/17965/01/01","package/67325","2020-04-23","2026-04-23"
104820,"UA/17965/01/01","product/37057","2025-07-18","2125-07-18"
104815,"UA/16594/01/01","package/67322","2023-01-12","2123-01-12"
104814,"UA/16594/01/01","product/37054","2023-01-12","2123-01-12"
104809,"UA/18343/01/01","package/67318","2025-07-18","2125-07-18"
104808,"UA/18343/01/01","product/37052","2025-07-18","2125-07-18"
104804,"UA/12149/01/01","package/67315","2017-05-13","2117-05-13"
104803,"UA/12149/01/01","package/67314","2017-05-13","2117-05-13"
104802,"UA/12149/01/01","product/37050","2017-05-13","2117-05-13"
104801,"UA/18283/01/01","package/67313","2025-07-18","2125-07-18"
104800,"UA/18283/01/01","package/67312","2025-07-18","2125-07-18"
104799,"UA/18283/01/01","package/67311","2025-07-18","2125-07-18"
104798,"UA/18283/01/01","product/37049","2025-07-18","2125-07-18"
104792,"UA/16841/01/01","package/67307","2023-02-10","2028-02-10"
104791,"UA/16841/01/01","product/37046","2023-02-10","2028-02-10"
104785,"UA/18865/01/01","package/67303","2021-07-30","2026-07-30"
104784,"UA/18865/01/01","product/37043","2021-07-30","2026-07-30"
104781,"UA/18281/01/01","package/67301","2025-07-18","2125-07-18"
104780,"UA/18281/01/01","product/37041","2025-07-18","2125-07-18"
104779,"UA/6367/01/02","package/67300","2017-04-28","2117-04-28"
104778,"UA/6367/01/02","product/37040","2017-04-28","2117-04-28"
104767,"UA/18655/01/01","package/67293","2025-07-18","2125-07-18"
104766,"UA/18655/01/01","product/37035","2025-07-18","2125-07-18"
104759,"UA/15530/01/01","package/67288","2021-10-28","2121-10-28"
104758,"UA/15530/01/01","package/67287","2021-10-28","2121-10-28"
104757,"UA/15530/01/01","product/37032","2021-10-28","2121-10-28"
104753,"UA/18381/01/01","package/67284","2025-07-18","2125-07-18"
104752,"UA/18381/01/01","package/67283","2025-07-18","2125-07-18"
104751,"UA/18381/01/01","product/37030","2025-07-18","2125-07-18"
104747,"UA/1718/01/01","package/67280","2019-04-26","2119-04-26"
104746,"UA/1718/01/01","product/37028","2019-04-26","2119-04-26"
104737,"UA/18814/01/01","package/67273","2021-07-02","2026-07-02"
104736,"UA/18814/01/01","package/67272","2021-07-02","2026-07-02"
104735,"UA/18814/01/01","product/37025","2021-07-02","2026-07-02"
104732,"UA/10461/01/01","package/67269","2020-02-25","2120-02-25"
104731,"UA/10461/01/01","package/67268","2020-02-25","2120-02-25"
104730,"UA/10461/01/01","package/67267","2020-02-25","2120-02-25"
104729,"UA/10461/01/01","package/67266","2020-02-25","2120-02-25"
104728,"UA/10461/01/01","product/37024","2020-02-25","2120-02-25"
104692,"UA/13628/01/01","package/67238","2019-03-21","2119-03-21"
104691,"UA/13628/01/01","package/67237","2019-03-21","2119-03-21"
104690,"UA/13628/01/01","product/37015","2019-03-21","2119-03-21"
104681,"UA/10141/01/01","package/67231","2020-03-06","2120-03-06"
104680,"UA/10141/01/01","package/67230","2020-03-06","2120-03-06"
104679,"UA/10141/01/01","product/37011","2020-03-06","2120-03-06"
104678,"UA/18282/01/01","package/67229","2025-07-18","2125-07-18"
104677,"UA/18282/01/01","package/67228","2025-07-18","2125-07-18"
104676,"UA/18282/01/01","product/37010","2025-07-18","2125-07-18"
104672,"UA/18245/01/01","package/67225","2025-07-18","2125-07-18"
104671,"UA/18245/01/01","product/37008","2025-07-18","2125-07-18"
104670,"UA/18244/01/01","package/67224","2025-07-18","2125-07-18"
104669,"UA/18244/01/01","product/37007","2025-07-18","2125-07-18"
104657,"UA/18467/01/01","package/67216","2025-06-27","2125-06-27"
104656,"UA/18467/01/01","product/37002","2025-06-27","2125-06-27"
104653,"UA/2053/01/01","package/67214","2019-10-02","2119-10-02"
104652,"UA/2053/01/01","package/67213","2019-10-02","2119-10-02"
104651,"UA/2053/01/01","package/67212","2019-10-02","2119-10-02"
104650,"UA/2053/01/01","product/37000","2019-10-02","2119-10-02"
104649,"UA/18091/01/01","package/67211","2025-06-27","2125-06-27"
104648,"UA/18091/01/01","package/67210","2025-06-27","2125-06-27"
104647,"UA/18091/01/01","product/36999","2025-06-27","2125-06-27"
104634,"UA/17695/02/01","package/67201","2025-06-27","2125-06-27"
104633,"UA/17695/02/01","package/67200","2025-06-27","2125-06-27"
104632,"UA/17695/02/01","product/36994","2025-06-27","2125-06-27"
104629,"UA/17276/01/02","package/67198","2025-06-27","2125-06-27"
104628,"UA/17276/01/02","product/36992","2025-06-27","2125-06-27"
104627,"UA/17276/01/01","package/67197","2025-06-27","2125-06-27"
104626,"UA/17276/01/01","product/36991","2025-06-27","2125-06-27"
104625,"UA/18559/01/01","package/67196","2025-06-27","2125-06-27"
104624,"UA/18559/01/01","product/36990","2025-06-27","2125-06-27"
104622,"UA/18352/01/01","package/67194","2025-06-27","2125-06-27"
104621,"UA/18352/01/01","product/36989","2025-06-27","2125-06-27"
104620,"UA/19379/01/01","package/67193","2025-06-27","2125-06-27"
104619,"UA/19379/01/01","product/36988","2025-06-27","2125-06-27"
104615,"UA/18296/01/01","package/67190","2025-06-27","2125-06-27"
104614,"UA/18296/01/01","package/67189","2025-06-27","2125-06-27"
104613,"UA/18296/01/01","product/36986","2025-06-27","2125-06-27"
104612,"UA/18247/01/01","package/67188","2025-06-27","2125-06-27"
104611,"UA/18247/01/01","product/36985","2025-06-27","2125-06-27"
104610,"UA/18160/01/01","package/67187","2025-06-27","2125-06-27"
104609,"UA/18160/01/01","product/36984","2025-06-27","2125-06-27"
104607,"UA/18834/01/01","package/67185","2021-07-08","2026-07-08"
104606,"UA/18834/01/01","package/67184","2021-07-08","2026-07-08"
104605,"UA/18834/01/01","product/36983","2021-07-08","2026-07-08"
104604,"UA/18219/01/01","package/67183","2025-06-27","2125-06-27"
104603,"UA/18219/01/01","package/67182","2025-06-27","2125-06-27"
104602,"UA/18219/01/01","product/36982","2025-06-27","2125-06-27"
104598,"UA/18315/01/01","package/67179","2025-06-27","2125-06-27"
104597,"UA/18315/01/01","product/36980","2025-06-27","2125-06-27"
104587,"UA/15852/01/01","package/67172","2021-08-27","2121-08-27"
104586,"UA/15852/01/01","package/67171","2021-08-27","2121-08-27"
104585,"UA/15852/01/01","product/36976","2021-08-27","2121-08-27"
104584,"UA/20893/01/01","package/67170","2025-06-27","2030-06-27"
104583,"UA/20893/01/01","product/36975","2025-06-27","2030-06-27"
104579,"UA/20892/01/02","package/67167","2025-06-27","2030-06-27"
104578,"UA/20892/01/02","product/36973","2025-06-27","2030-06-27"
104577,"UA/20892/01/01","package/67166","2025-06-27","2030-06-27"
104576,"UA/20892/01/01","product/36972","2025-06-27","2030-06-27"
104572,"UA/20895/01/01","package/67163","2025-06-27","2030-06-27"
104571,"UA/20895/01/01","product/36970","2025-06-27","2030-06-27"
104568,"UA/20891/01/01","package/67161","2025-06-27","2030-06-27"
104567,"UA/20891/01/01","package/67160","2025-06-27","2030-06-27"
104566,"UA/20891/01/01","package/67159","2025-06-27","2030-06-27"
104565,"UA/20891/01/01","product/36968","2025-06-27","2030-06-27"
104563,"UA/20890/01/02","package/67157","2025-06-27","2030-06-27"
104562,"UA/20890/01/02","package/67156","2025-06-27","2030-06-27"
104561,"UA/20890/01/02","product/36967","2025-06-27","2030-06-27"
104560,"UA/20890/01/01","package/67155","2025-06-27","2030-06-27"
104559,"UA/20890/01/01","package/67154","2025-06-27","2030-06-27"
104558,"UA/20890/01/01","product/36966","2025-06-27","2030-06-27"
104552,"UA/2317/01/01","package/67150","2019-10-17","2119-10-17"
104551,"UA/20887/01/01","package/67149","2025-06-27","2030-06-27"
104550,"UA/20887/01/01","product/36963","2025-06-27","2030-06-27"
104549,"UA/20886/01/01","package/67148","2025-06-27","2030-06-27"
104548,"UA/20886/01/01","product/36962","2025-06-27","2030-06-27"
104547,"UA/20885/01/01","package/67147","2025-06-27","2030-06-27"
104546,"UA/20885/01/01","product/36961","2025-06-27","2030-06-27"
104545,"UA/20884/01/01","package/67146","2025-06-27","2030-06-27"
104544,"UA/20884/01/01","product/36960","2025-06-27","2030-06-27"
104543,"UA/20883/01/03","package/67145","2025-06-27","2030-06-27"
104542,"UA/20883/01/03","package/67144","2025-06-27","2030-06-27"
104541,"UA/20883/01/03","product/36959","2025-06-27","2030-06-27"
104538,"UA/12474/01/02","package/67142","2017-07-25","2117-07-25"
104537,"UA/12474/01/02","package/67141","2017-07-25","2117-07-25"
104536,"UA/12474/01/02","product/36957","2017-07-25","2117-07-25"
104535,"UA/20883/01/02","package/67140","2025-06-27","2030-06-27"
104534,"UA/20883/01/02","package/67139","2025-06-27","2030-06-27"
104533,"UA/20883/01/02","product/36956","2025-06-27","2030-06-27"
104532,"UA/20883/01/01","package/67138","2025-06-27","2030-06-27"
104531,"UA/20883/01/01","package/67137","2025-06-27","2030-06-27"
104530,"UA/20883/01/01","product/36955","2025-06-27","2030-06-27"
104523,"UA/20882/01/01","package/67132","2025-06-27","2030-06-27"
104522,"UA/20882/01/01","product/36952","2025-06-27","2030-06-27"
104521,"UA/20881/01/03","package/67131","2025-06-27","2030-06-27"
104520,"UA/20881/01/03","product/36951","2025-06-27","2030-06-27"
104513,"UA/20881/01/02","package/67125","2025-06-27","2030-06-27"
104512,"UA/20881/01/02","product/36949","2025-06-27","2030-06-27"
104504,"UA/12474/01/01","package/67119","2017-07-25","2117-07-25"
104503,"UA/12474/01/01","package/67118","2017-07-25","2117-07-25"
104502,"UA/12474/01/01","product/36946","2017-07-25","2117-07-25"
104501,"UA/20881/01/01","package/67117","2025-06-27","2030-06-27"
104500,"UA/20881/01/01","product/36945","2025-06-27","2030-06-27"
104496,"UA/20888/01/01","package/67114","2025-06-27","2030-06-27"
104495,"UA/20888/01/01","product/36943","2025-06-27","2030-06-27"
104488,"UA/20880/01/01","package/67109","2025-06-27","2030-06-27"
104487,"UA/20880/01/01","package/67108","2025-06-27","2030-06-27"
104486,"UA/20880/01/01","product/36940","2025-06-27","2030-06-27"
104479,"UA/8976/03/01","package/67103","2016-09-15","2116-09-15"
104478,"UA/8976/03/01","package/67102","2016-09-15","2116-09-15"
104477,"UA/8976/03/01","product/36937","2016-09-15","2116-09-15"
104469,"UA/20879/01/01","package/67096","2025-06-27","2030-06-27"
104468,"UA/20879/01/01","package/67095","2025-06-27","2030-06-27"
104467,"UA/20879/01/01","package/67094","2025-06-27","2030-06-27"
104466,"UA/20879/01/01","package/67093","2025-06-27","2030-06-27"
104465,"UA/20879/01/01","product/36934","2025-06-27","2030-06-27"
104463,"UA/20878/01/01","package/67091","2025-06-27","2030-06-27"
104462,"UA/20878/01/01","product/36933","2025-06-27","2030-06-27"
104450,"UA/8976/02/01","package/67083","2020-07-15","2120-07-15"
104449,"UA/8976/02/01","package/67082","2020-07-15","2120-07-15"
104448,"UA/8976/02/01","product/36928","2020-07-15","2120-07-15"
104429,"UA/17963/01/02","package/67069","2024-12-18","2124-12-18"
104428,"UA/17963/01/02","package/67068","2024-12-18","2124-12-18"
104427,"UA/17963/01/02","product/36921","2024-12-18","2124-12-18"
104423,"UA/4798/01/01","package/67065","2021-07-02","2121-07-02"
104422,"UA/4798/01/01","package/67064","2021-07-02","2121-07-02"
104421,"UA/4798/01/01","product/36919","2021-07-02","2121-07-02"
104410,"UA/17963/01/01","package/67056","2024-12-18","2124-12-18"
104409,"UA/17963/01/01","package/67055","2024-12-18","2124-12-18"
104408,"UA/17963/01/01","product/36915","2024-12-18","2124-12-18"
104397,"UA/0081/02/01","package/67047","2017-08-01","2117-08-01"
104396,"UA/0081/02/01","package/67046","2017-08-01","2117-08-01"
104395,"UA/0081/02/01","product/36911","2017-08-01","2117-08-01"
104386,"UA/7061/01/01","package/67040","2017-06-30","2117-06-30"
104385,"UA/7061/01/01","package/67039","2017-06-30","2117-06-30"
104384,"UA/7061/01/01","package/67038","2017-06-30","2117-06-30"
104383,"UA/7061/01/01","product/36907","2017-06-30","2117-06-30"
104376,"UA/13451/01/01","package/67033","2018-09-12","2118-09-12"
104375,"UA/13451/01/01","package/67032","2018-09-12","2118-09-12"
104374,"UA/13451/01/01","package/67031","2018-09-12","2118-09-12"
104373,"UA/13451/01/01","package/67030","2018-09-12","2118-09-12"
104372,"UA/13451/01/01","product/36904","2018-09-12","2118-09-12"
104371,"UA/12884/01/02","package/67029","2020-05-13","2026-05-13"
104370,"UA/12884/01/02","product/36903","2020-05-13","2026-05-13"
104369,"UA/12884/01/01","package/67028","2020-05-13","2026-05-13"
104368,"UA/12884/01/01","product/36902","2020-05-13","2026-05-13"
104355,"UA/13451/01/01","package/67019","2018-09-12","2118-09-12"
104354,"UA/13451/01/01","package/67018","2018-09-12","2118-09-12"
104350,"UA/10298/01/01","package/67014","2021-07-02","2026-07-02"
104349,"UA/10298/01/01","product/36897","2021-07-02","2026-07-02"
104347,"UA/17731/01/04","package/67012","2019-11-14","2025-11-14"
104346,"UA/17731/01/04","package/67011","2019-11-14","2025-11-14"
104345,"UA/17731/01/04","product/36896","2019-11-14","2025-11-14"
104333,"UA/20913/01/01","package/67002","2025-07-11","2030-07-11"
104332,"UA/20913/01/01","product/36892","2025-07-11","2030-07-11"
104331,"UA/17731/01/03","package/67001","2019-11-14","2025-11-14"
104330,"UA/17731/01/03","package/67000","2019-11-14","2025-11-14"
104329,"UA/17731/01/03","product/36891","2019-11-14","2025-11-14"
104310,"UA/17731/01/02","package/66983","2019-11-14","2025-11-14"
104309,"UA/17731/01/02","package/66982","2019-11-14","2025-11-14"
104308,"UA/17731/01/02","product/36888","2019-11-14","2025-11-14"
104306,"UA/20931/01/01","package/66981","2025-07-18","2030-07-18"
104305,"UA/20931/01/01","package/66980","2025-07-18","2030-07-18"
104304,"UA/20931/01/01","product/36886","2025-07-18","2030-07-18"
104294,"UA/17731/01/01","package/66972","2019-11-14","2025-11-14"
104293,"UA/17731/01/01","package/66971","2019-11-14","2025-11-14"
104292,"UA/17731/01/01","product/36883","2019-11-14","2025-11-14"
104289,"UA/20930/01/01","package/66969","2025-07-18","2030-07-18"
104288,"UA/20930/01/01","product/36881","2025-07-18","2030-07-18"
104284,"UA/19841/01/01","package/66966","2022-12-29","2027-12-29"
104283,"UA/19841/01/01","product/36879","2022-12-29","2027-12-29"
104258,"UA/17579/01/01","package/66946","2024-05-01","2124-05-01"
104257,"UA/17579/01/01","package/66945","2024-05-01","2124-05-01"
104256,"UA/17579/01/01","package/66944","2024-05-01","2124-05-01"
104255,"UA/17579/01/01","product/36873","2024-05-01","2124-05-01"
104248,"UA/17579/01/01","package/66939","2024-05-01","2124-05-01"
104247,"UA/17579/01/01","package/66938","2024-05-01","2124-05-01"
104236,"UA/19478/01/01","package/66930","2022-06-09","2027-06-09"
104235,"UA/19478/01/01","product/36867","2022-06-09","2027-06-09"
104232,"UA/20929/01/01","package/66928","2025-07-18","2030-07-18"
104231,"UA/20929/01/01","product/36865","2025-07-18","2030-07-18"
104228,"UA/15739/01/03","package/66926","2021-12-16","2121-12-16"
104227,"UA/15739/01/03","package/66925","2021-12-16","2121-12-16"
104226,"UA/15739/01/03","package/66924","2021-12-16","2121-12-16"
104225,"UA/15739/01/03","product/36863","2021-12-16","2121-12-16"
104220,"UA/15739/01/02","package/66920","2021-12-16","2121-12-16"
104219,"UA/15739/01/02","package/66919","2021-12-16","2121-12-16"
104218,"UA/15739/01/02","package/66918","2021-12-16","2121-12-16"
104217,"UA/15739/01/02","product/36861","2021-12-16","2121-12-16"
104212,"UA/15739/01/01","package/66914","2021-12-16","2121-12-16"
104211,"UA/15739/01/01","package/66913","2021-12-16","2121-12-16"
104210,"UA/15739/01/01","package/66912","2021-12-16","2121-12-16"
104209,"UA/15739/01/01","product/36859","2021-12-16","2121-12-16"
104202,"UA/20926/01/01","package/66907","2025-07-18","2030-07-18"
104201,"UA/20926/01/01","product/36856","2025-07-18","2030-07-18"
104182,"UA/20925/01/01","package/66893","2025-07-18","2030-07-18"
104181,"UA/20925/01/01","product/36850","2025-07-18","2030-07-18"
104169,"UA/11952/01/01","package/66884","2022-03-27","2122-03-27"
104168,"UA/11952/01/01","product/36846","2022-03-27","2122-03-27"
104167,"UA/11952/01/02","package/66883","2022-03-27","2122-03-27"
104166,"UA/11952/01/02","product/36845","2022-03-27","2122-03-27"
104154,"UA/20924/01/01","package/66874","2025-07-18","2030-07-18"
104153,"UA/20924/01/01","product/36841","2025-07-18","2030-07-18"
104148,"UA/20922/01/01","package/66870","2025-07-18","2030-07-18"
104147,"UA/20922/01/01","product/36839","2025-07-18","2030-07-18"
104137,"UA/20921/01/01","package/66863","2025-07-18","2030-07-18"
104136,"UA/20921/01/01","product/36835","2025-07-18","2030-07-18"
104127,"UA/20920/01/01","package/66857","2025-07-18","2030-07-18"
104126,"UA/20920/01/01","product/36831","2025-07-18","2030-07-18"
104121,"UA/20919/01/01","package/66853","2025-07-18","2030-07-18"
104120,"UA/20919/01/01","product/36829","2025-07-18","2030-07-18"
104113,"UA/20918/01/01","package/66848","2025-07-18","2030-07-18"
104112,"UA/20918/01/01","product/36826","2025-07-18","2030-07-18"
104101,"UA/18399/02/01","package/66841","2025-07-18","2030-07-18"
104100,"UA/18399/02/01","product/36821","2025-07-18","2030-07-18"
104096,"UA/20917/01/01","package/66838","2025-07-18","2030-07-18"
104095,"UA/20917/01/01","product/36819","2025-07-18","2030-07-18"
104089,"UA/20916/01/01","package/66834","2025-07-18","2030-07-18"
104088,"UA/20916/01/01","product/36816","2025-07-18","2030-07-18"
104085,"UA/20915/01/01","package/66832","2025-07-18","2030-07-18"
104084,"UA/20915/01/01","product/36814","2025-07-18","2030-07-18"
104079,"UA/20914/01/01","package/66829","2025-07-18","2030-07-18"
104078,"UA/20914/01/01","package/66828","2025-07-18","2030-07-18"
104077,"UA/20914/01/01","package/66827","2025-07-18","2030-07-18"
104076,"UA/20914/01/01","product/36811","2025-07-18","2030-07-18"
104057,"UA/3790/01/01","package/66814","2015-06-25","2115-06-25"
104053,"UA/3790/01/02","package/66811","2015-06-25","2115-06-25"
104048,"UA/5552/02/02","package/66808","2019-05-08","2119-05-08"
104047,"UA/5552/02/02","product/36801","2019-05-08","2119-05-08"
104046,"UA/5552/02/01","package/66807","2019-05-08","2119-05-08"
104045,"UA/5552/02/01","product/36800","2019-05-08","2119-05-08"
104034,"UA/13996/02/01","package/66802","2020-10-23","2120-10-23"
104033,"UA/13996/02/01","product/36793","2020-10-23","2120-10-23"
104030,"UA/19209/01/03","package/66800","2022-02-10","2027-02-10"
104029,"UA/19209/01/03","product/36791",null,"2027-02-10"
104028,"UA/19209/01/02","package/66799","2022-02-10","2027-02-10"
104027,"UA/19209/01/02","product/36790","2022-02-10","2027-02-10"
104026,"UA/11890/01/02","package/66798","2017-05-19","2117-05-19"
104025,"UA/11890/01/02","product/36789","2017-05-19","2117-05-19"
104018,"UA/19209/01/01","package/66794","2022-02-10","2027-02-10"
104017,"UA/19209/01/01","product/36785","2022-02-10","2027-02-10"
104016,"UA/11890/01/01","package/66793","2017-05-19","2117-05-19"
104015,"UA/11890/01/01","product/36784","2017-05-19","2117-05-19"
104004,"UA/7914/01/01","package/66786","2017-07-04","2117-07-04"
104003,"UA/7914/01/01","package/66785","2017-07-04","2117-07-04"
104002,"UA/7914/01/01","product/36779","2017-07-04","2117-07-04"
103992,"UA/15294/01/01","package/66780","2022-01-26","2122-01-27"
103991,"UA/15294/01/01","product/36773","2022-01-26","2122-01-26"
103971,"UA/1878/02/01","package/66764","2019-05-28","2119-05-28"
103953,"UA/15245/01/01","package/66749","2021-06-28","2121-06-28"
103952,"UA/15245/01/01","package/66748","2021-06-28","2121-06-28"
103951,"UA/15245/01/01","product/36765","2021-06-28","2121-06-28"
103944,"UA/17533/01/01","package/66743","2024-10-08","2124-10-08"
103943,"UA/17533/01/01","product/36762","2024-10-08","2124-10-08"
103940,"UA/19633/01/01","package/66741","2022-08-29","2027-08-29"
103939,"UA/19633/01/01","product/36760","2022-08-29","2027-08-29"
103933,"UA/13585/01/02","package/66738","2018-11-26","2118-11-26"
103932,"UA/13585/01/02","product/36756","2018-11-26","2118-11-26"
103931,"UA/7349/01/01","package/66737","2018-05-11","2118-05-11"
103929,"UA/0452/01/04","package/66735","2018-12-18","2118-12-18"
103928,"UA/0452/01/04","package/66734","2018-12-18","2118-12-18"
103927,"UA/0452/01/04","product/36755","2018-12-18","2118-12-18"
103924,"UA/13585/01/01","package/66732","2018-11-26","2118-11-26"
103923,"UA/13585/01/01","package/66731","2018-11-26","2118-11-26"
103922,"UA/13585/01/01","product/36753","2018-11-26","2118-11-26"
103921,"UA/12462/01/01","package/66730","2016-12-01","2116-12-01"
103915,"UA/14641/01/01","package/66726","2020-04-13","2120-04-13"
103914,"UA/14641/01/01","product/36750","2020-04-13","2120-04-13"
103911,"UA/0452/01/03","package/66724","2018-12-18","2118-12-18"
103910,"UA/0452/01/03","package/66723","2018-12-18","2118-12-18"
103909,"UA/0452/01/03","product/36748","2018-12-18","2118-12-18"
103906,"UA/14641/01/02","package/66721","2020-04-13","2120-04-13"
103905,"UA/14641/01/02","product/36746","2020-04-13","2120-04-13"
103897,"UA/0452/01/01","package/66716","2018-12-18","2118-12-18"
103896,"UA/0452/01/01","package/66715","2018-12-18","2118-12-18"
103895,"UA/0452/01/01","product/36742","2018-12-18","2118-12-18"
103885,"UA/19796/01/01","package/66707","2022-12-15","2027-12-15"
103873,"UA/0156/01/02","package/66697","2018-03-06","2118-03-06"
103872,"UA/0156/01/02","product/36737","2018-03-06","2118-03-06"
103862,"UA/15460/01/01","package/66690","2021-05-11","2026-05-11"
103861,"UA/15460/01/01","package/66689","2021-05-11","2026-05-11"
103860,"UA/15460/01/01","product/36733","2021-05-11","2026-05-11"
103853,"UA/15460/01/02","package/66684","2021-05-11","2026-05-11"
103852,"UA/15460/01/02","package/66683","2021-05-11","2026-05-11"
103851,"UA/15460/01/02","product/36730","2025-06-03","2026-06-03"
103842,"UA/18714/01/02","package/66677","2021-04-23","2026-04-23"
103841,"UA/18714/01/02","product/36726",null,null
103833,"UA/18714/01/01","package/66671","2021-04-23","2026-04-23"
103832,"UA/18714/01/01","product/36723","2021-04-23","2026-04-23"
103827,"UA/18714/01/03","package/66668","2021-04-23","2026-04-23"
103826,"UA/18714/01/03","product/36720","2021-04-23","2026-04-23"
103810,"UA/14658/01/01","package/66657","2020-05-05","2120-05-05"
103809,"UA/14658/01/01","package/66656","2020-05-05","2120-05-05"
103808,"UA/14658/01/01","package/66655","2020-05-05","2120-05-05"
103807,"UA/14658/01/01","package/66654","2020-05-05","2120-05-05"
103806,"UA/14658/01/01","package/66653","2020-05-05","2120-05-05"
103805,"UA/14658/01/01","product/36713","2020-05-05","2120-05-05"
103793,"UA/15708/01/01","package/66646","2021-05-11","2121-05-11"
103790,"UA/18527/01/01","package/66644","2020-12-31","2025-12-31"
103776,"UA/3602/01/01","package/66636","2020-01-23","2120-01-23"
103775,"UA/3602/01/01","package/66635","2020-01-23","2120-01-23"
103774,"UA/3602/01/01","product/36700","2020-01-23","2120-01-23"
103764,"UA/10555/01/01","package/66628","2020-02-27","2120-02-27"
103763,"UA/10555/01/01","product/36696","2020-02-27","2120-02-27"
103757,"UA/8976/01/01","package/66624","2018-08-01","2118-08-01"
103756,"UA/8976/01/01","package/66623","2018-08-01","2118-08-01"
103755,"UA/8976/01/01","product/36693","2018-08-01","2118-08-01"
103752,"UA/20118/01/01","package/66620","2023-07-17","2028-07-17"
103751,"UA/20118/01/01","product/36692","2023-07-17","2028-07-17"
103746,"UA/2467/01/01","package/66617","2019-07-22","2119-07-22"
103745,"UA/2467/01/01","package/66616","2019-07-22","2119-07-22"
103744,"UA/2467/01/01","product/36689","2019-07-22","2119-07-22"
103737,"UA/7169/01/03","package/66611","2018-02-20","2118-02-20"
103736,"UA/7169/01/03","package/66610","2018-02-20","2118-02-20"
103735,"UA/7169/01/03","product/36686","2018-02-20","2118-02-20"
103723,"UA/7169/01/02","package/66602","2018-02-20","2118-02-20"
103722,"UA/7169/01/02","package/66601","2018-02-20","2118-02-20"
103721,"UA/7169/01/02","product/36681","2018-02-20","2118-02-20"
103717,"UA/6390/01/01","package/66598","2017-04-27","2117-04-27"
103716,"UA/6390/01/01","product/36679","2017-04-27","2117-04-27"
103709,"UA/20369/01/01","package/66594","2024-03-05","2029-03-05"
103708,"UA/20369/01/01","product/36675","2024-03-05","2029-03-05"
103703,"UA/20508/01/01","package/66591","2024-07-09","2029-07-09"
103702,"UA/20508/01/01","product/36672","2024-07-09","2029-07-09"
103697,"UA/20509/01/01","package/66588","2024-07-09","2029-07-09"
103696,"UA/20509/01/01","product/36669","2024-07-09","2029-07-09"
103693,"UA/17185/01/01","package/66586","2024-01-29","2124-01-29"
103692,"UA/17185/01/01","product/36667","2024-01-29","2124-01-29"
103684,"UA/20637/01/01","package/66582","2024-10-09","2029-10-09"
103683,"UA/20637/01/01","product/36662","2024-10-09","2029-10-09"
103674,"UA/2913/01/01","package/66576","2019-04-03","2119-04-03"
103673,"UA/2913/01/01","package/66575","2019-04-03","2119-04-03"
103672,"UA/2913/01/01","package/66574","2019-04-03","2119-04-03"
103671,"UA/2913/01/01","package/66573","2019-04-03","2119-04-03"
103670,"UA/2913/01/01","package/66572","2019-04-03","2119-04-03"
103669,"UA/2913/01/01","package/66571","2019-04-03","2119-04-03"
103668,"UA/2913/01/01","product/36658","2019-04-03","2119-04-03"
103663,"UA/4268/01/01","package/66567","2020-12-16","2120-12-16"
103662,"UA/4268/01/01","package/66566","2020-12-16","2120-12-16"
103661,"UA/4268/01/01","package/66565","2020-12-16","2120-12-16"
103660,"UA/4268/01/01","product/36656","2020-12-16","2120-12-16"
103657,"UA/11328/01/02","package/66562","2020-05-26","2120-05-26"
103656,"UA/11328/01/02","package/66561","2020-05-26","2120-05-26"
103655,"UA/11328/01/02","product/36655","2020-05-26","2120-05-26"
103646,"UA/11328/01/01","package/66554","2020-05-26","2120-05-26"
103645,"UA/11328/01/01","package/66553","2020-05-26","2120-05-26"
103644,"UA/11328/01/01","product/36652","2020-05-26","2120-05-26"
103632,"UA/2068/01/01","package/66542","2019-04-26","2119-04-26"
103631,"UA/2068/01/01","package/66541","2019-04-26","2119-04-26"
103630,"UA/2068/01/01","package/66540","2019-04-26","2119-04-26"
103629,"UA/2068/01/01","package/66539","2019-04-26","2119-04-26"
103628,"UA/2068/01/01","package/66538","2019-04-26","2119-04-26"
103627,"UA/2068/01/01","product/36650","2019-04-26","2119-04-26"
103620,"UA/16532/01/01","package/66533","2023-04-03","2123-04-03"
103619,"UA/16532/01/01","package/66532","2023-04-03","2123-04-03"
103618,"UA/16532/01/01","product/36647","2023-04-03","2123-04-03"
103608,"UA/3008/01/01","package/66524","2020-03-06","2120-03-06"
103607,"UA/3008/01/01","product/36644","2020-03-06","2120-03-06"
103606,"UA/20211/01/01","package/66523","2023-10-18","2028-10-18"
103598,"UA/16531/01/01","package/66519","2023-04-03","2123-04-03"
103597,"UA/16531/01/01","package/66518","2023-04-03","2123-04-03"
103596,"UA/16531/01/01","product/36639","2023-04-03","2123-04-03"
103582,"UA/17686/01/01","package/66508","2024-07-22","2124-07-22"
103581,"UA/17686/01/01","package/66507","2024-07-22","2124-07-22"
103580,"UA/17686/01/01","product/36634","2024-07-22","2124-07-22"
103572,"UA/17087/01/01","package/66502","2023-03-23","2123-03-23"
103571,"UA/17087/01/01","package/66501","2023-03-23","2123-03-23"
103570,"UA/17087/01/01","product/36630","2023-03-23","2123-03-23"
103565,"UA/8363/01/01","package/66498","2022-07-29","2122-07-29"
103564,"UA/8363/01/01","product/36627","2022-07-29","2122-07-29"
103554,"UA/6865/01/01","package/66491","2017-10-13","2117-10-13"
103553,"UA/6865/01/01","package/66490","2017-10-13","2117-10-13"
103552,"UA/6865/01/01","package/66489","2017-10-13","2117-10-13"
103551,"UA/6865/01/01","product/36623","2017-10-13","2117-10-13"
103538,"UA/7140/01/01","package/66480","2018-03-21","2118-03-21"
103537,"UA/7140/01/01","package/66479","2018-03-21","2118-03-21"
103536,"UA/7140/01/01","product/36618","2018-03-21","2118-03-21"
103529,"UA/7139/01/01","package/66474","2018-03-21","2118-03-21"
103528,"UA/7139/01/01","package/66473","2018-03-21","2118-03-21"
103527,"UA/7139/01/01","product/36615","2018-03-21","2118-03-21"
103522,"UA/5303/01/01","package/66469","2017-04-28","2117-04-28"
103521,"UA/5303/01/01","package/66468","2017-04-28","2117-04-28"
103520,"UA/5303/01/01","package/66467","2017-04-28","2117-04-28"
103519,"UA/5303/01/01","product/36613","2017-04-28","2117-04-28"
103510,"UA/16271/01/01","package/66460","2022-06-20","2122-06-20"
103509,"UA/16271/01/01","product/36610","2022-06-20","2122-06-20"
103504,"UA/8138/01/01","package/66457","2018-04-26","2118-04-26"
103503,"UA/8138/01/01","product/36607","2018-04-26","2118-04-26"
103498,"UA/9052/01/01","package/66454","2018-06-15","2118-06-15"
103497,"UA/9052/01/01","product/36604","2018-06-15","2118-06-15"
103493,"UA/18781/01/01","package/66451","2021-06-16","2026-06-16"
103492,"UA/18781/01/01","package/66450","2021-06-16","2026-06-16"
103491,"UA/18781/01/01","product/36602","2021-06-16","2026-06-16"
103475,"UA/17084/01/01","package/66441","2018-11-30","2025-11-30"
103470,"UA/9069/01/02","package/66438","2020-02-27","2120-02-27"
103469,"UA/9069/01/02","product/36592","2020-02-27","2120-02-27"
103465,"UA/18781/01/02","package/66435","2021-06-16","2026-06-16"
103464,"UA/18781/01/02","package/66434","2021-06-16","2026-06-16"
103463,"UA/18781/01/02","product/36590","2021-06-16","2026-06-16"
103456,"UA/8299/01/01","package/66429","2018-05-11","2118-05-11"
103455,"UA/8299/01/01","package/66428","2018-05-11","2118-05-11"
103454,"UA/8299/01/01","product/36587","2018-05-11","2118-05-11"
103446,"UA/18633/01/01","package/66422","2021-03-22","2026-03-22"
103445,"UA/18633/01/01","package/66421","2021-03-22","2026-03-22"
103444,"UA/18633/01/01","product/36584","2021-03-22","2026-03-22"
103441,"UA/14796/01/02","package/66419","2020-11-18","2120-11-18"
103440,"UA/14796/01/02","product/36582","2020-11-18","2120-11-18"
103437,"UA/13574/01/01","package/66417","2018-12-18","2118-12-18"
103430,"UA/13574/01/01","package/66412","2018-12-18","2118-12-18"
103429,"UA/13574/01/01","product/36578","2018-12-18","2118-12-18"
103426,"UA/14796/01/01","package/66410","2020-11-18","2120-11-18"
103425,"UA/14796/01/01","product/36576","2020-11-18","2120-11-18"
103412,"UA/16620/01/02","package/66404","2023-03-14","2123-03-14"
103411,"UA/16620/01/02","product/36568","2023-03-14","2123-03-14"
103402,"UA/16620/01/01","package/66399","2023-03-14","2123-03-14"
103401,"UA/16620/01/01","product/36563","2023-03-14","2123-03-14"
103400,"UA/7475/01/01","package/66398","2017-12-13","2117-12-13"
103399,"UA/7475/01/01","product/36562","2017-12-13","2117-12-13"
103396,"UA/20873/01/02","package/66396","2025-06-03","2030-06-03"
103395,"UA/20873/01/02","product/36560","2025-06-03","2030-06-03"
103394,"UA/13403/01/02","package/66395","2017-07-17","2117-07-17"
103393,"UA/13403/01/02","product/36559","2019-07-17","2119-07-17"
103392,"UA/20873/01/01","package/66394","2025-06-03","2030-06-03"
103391,"UA/20873/01/01","product/36558","2025-06-03","2030-06-03"
103390,"UA/20871/01/01","package/66393","2025-06-03","2030-06-03"
103389,"UA/20871/01/01","product/36557","2025-06-03","2030-06-03"
103387,"UA/20870/01/01","package/66391","2025-06-03","2030-06-03"
103386,"UA/20870/01/01","product/36556","2025-06-03","2030-06-03"
103384,"UA/20869/01/01","package/66389","2025-06-03","2030-06-03"
103383,"UA/20869/01/01","product/36555","2025-06-03","2030-06-03"
103382,"UA/20867/01/01","package/66388","2025-06-03","2030-06-03"
103381,"UA/20867/01/01","product/36554","2025-06-03","2030-06-03"
103379,"UA/13403/01/01","package/66387","2017-07-17","2117-07-17"
103378,"UA/13403/01/01","product/36552","2019-07-17","2119-07-17"
103377,"UA/20865/01/01","package/66386","2025-06-03","2030-06-03"
103376,"UA/20865/01/01","product/36551","2025-06-03","2030-06-03"
103375,"UA/20864/01/01","package/66385","2025-06-03","2030-06-03"
103374,"UA/20864/01/01","product/36549","2025-06-03","2030-06-03"
103371,"UA/20862/01/01","package/66383","2025-06-03","2030-06-03"
103370,"UA/20862/01/01","product/36548","2025-06-03","2030-06-03"
103368,"UA/20872/01/01","package/66382","2025-06-03","2030-06-03"
103367,"UA/20872/01/01","package/66381","2025-06-03","2030-06-03"
103366,"UA/20872/01/01","package/66380","2025-06-03","2030-06-03"
103365,"UA/20872/01/011","product/36546","2025-06-03","2030-06-03"
103361,"UA/20861/01/01","package/66377","2025-06-03","2030-06-03"
103360,"UA/20861/01/01","product/36544","2025-06-03","2030-06-03"
103359,"UA/20860/01/01","package/66376","2025-06-03","2030-06-03"
103358,"UA/20860/01/01","product/36543","2025-06-03","2030-06-03"
103357,"UA/20859/01/01","package/66375","2025-06-03","2030-06-03"
103356,"UA/20859/01/01","package/66374","2025-06-03","2030-06-03"
103355,"UA/20859/01/01","product/36542","2025-06-03","2030-06-03"
103353,"UA/15671/01/01","package/66372","2021-11-16","2121-11-16"
103352,"UA/15671/01/01","product/36541","2021-11-16","2121-11-16"
103351,"UA/20713/02/01","package/66371","2025-06-03","2030-06-03"
103350,"UA/20713/02/01","product/36540","2025-06-03","2030-06-03"
103349,"UA/15671/01/02","package/66370","2021-11-16","2121-11-16"
103348,"UA/15671/01/02","product/36539","2021-11-16","2121-11-16"
103345,"UA/19661/01/01","package/66368","2022-09-29","2027-09-29"
103344,"UA/19661/01/01","product/36537","2022-09-29","2027-09-29"
103337,"UA/20858/01/02","package/66364","2025-06-03","2030-06-03"
103336,"UA/20858/01/02","product/36533","2025-06-03","2030-06-03"
103333,"UA/8976/02/01","package/66361","2020-07-15","2120-07-15"
103332,"UA/8976/02/01","package/66360","2020-07-15","2120-07-15"
103331,"UA/8976/02/01","product/36532","2020-07-15","2120-07-15"
103328,"UA/20858/01/01","package/66358","2025-06-03","2030-06-03"
103327,"UA/20858/01/01","product/36530","2025-06-03","2030-06-03"
103323,"UA/7280/01/03","package/66356","2018-09-07","2118-09-07"
103322,"UA/7280/01/03","product/36527","2018-09-07","2118-09-07"
103312,"UA/7280/01/02","package/66351","2018-09-07","2118-09-07"
103311,"UA/7280/01/02","product/36521","2018-09-07","2118-09-07"
103308,"UA/5667/01/01","package/66349","2017-05-13","2117-05-13"
103307,"UA/5667/01/01","package/66348","2017-05-13","2117-05-13"
103306,"UA/5667/01/01","product/36519","2017-05-13","2117-05-13"
103302,"UA/5702/01/01","package/66345","2017-06-12","2117-06-12"
103294,"UA/20857/01/01","package/66339","2025-06-03","2030-06-03"
103293,"UA/20857/01/01","package/66338","2025-06-03","2030-06-03"
103292,"UA/20857/01/01","product/36515","2025-06-03","2030-06-03"
103286,"UA/18047/01/01","package/66333","2020-04-23","2026-04-23"
103282,"UA/20913/01/01","package/66330","2025-07-11","2030-07-11"
103281,"UA/20913/01/01","product/36512","2025-07-11","2030-07-11"
103269,"UA/10769/01/01","package/66322","2019-10-31","2119-10-31"
103268,"UA/10769/01/01","package/66321","2019-10-31","2119-10-31"
103267,"UA/10769/01/01","product/36507","2019-10-31","2119-10-31"
103258,"UA/7060/01/01","package/66315","2019-04-16","2119-04-16"
103257,"UA/7060/01/01","package/66314","2019-04-16","2119-04-16"
103256,"UA/7060/01/01","package/66313","2019-04-16","2119-04-16"
103255,"UA/7060/01/01","product/36503","2019-04-16","2119-04-16"
103248,"UA/7597/01/01","package/66308","2017-06-12","2117-06-12"
103247,"UA/7597/01/01","product/36500","2017-06-12","2117-06-12"
103237,"UA/0693/02/01","package/66301","2015-02-18","2115-02-18"
103236,"UA/0693/02/01","package/66300","2015-02-18","2115-02-18"
103235,"UA/0693/02/01","package/66299","2015-02-18","2115-02-18"
103234,"UA/0693/02/01","product/36496","2015-02-18","2115-02-18"
103226,"UA/13842/01/01","package/66293","2020-04-09","2120-04-09"
103225,"UA/13842/01/01","product/36493","2020-04-09","2120-04-09"
103216,"UA/7912/01/01.","package/66288","2018-02-26","2118-02-27"
103215,"UA/7912/01/01","product/36488","2018-02-26","2118-02-26"
103205,"UA/20505/01/02","package/66282","2024-09-05","2029-09-05"
103204,"UA/20505/01/02","product/36483","2024-09-05","2029-09-05"
103197,"UA/20505/01/01","package/66278","2024-09-05","2029-09-05"
103196,"UA/20505/01/01","product/36479","2024-09-05","2029-09-05"
103186,"11.10.2017","package/66273","2017-10-11","2117-10-11"
103185,"UA/12673/01/01","product/36473","2017-10-11","2117-10-11"
103182,"UA/12673/01/02","package/66271","2017-10-11","2117-10-11"
103181,"UA/12673/01/02","product/36471","2017-10-11","2117-10-11"
103173,"UA/19867/01/01","package/66266","2023-01-12","2028-01-12"
103172,"UA/19867/01/01","package/66265","2023-01-12","2028-01-12"
103171,"UA/19867/01/01","product/36467","2023-01-12","2028-01-12"
103164,"UA/7229/01/01","package/66260","2017-07-04","2117-07-04"
103163,"UA/7229/01/01","product/36464","2017-07-04","2117-07-04"
103157,"UA/7229/01/02","package/66256","2017-07-04","2117-07-04"
103156,"UA/7229/01/02","product/36461","2017-07-04","2117-07-04"
103141,"UA/20905/01/01","package/66248","2025-07-08","2030-07-08"
103140,"UA/20905/01/01","package/66247","2025-07-08","2030-07-08"
103139,"UA/20905/01/01","package/66246","2025-07-08","2030-07-08"
103138,"UA/20905/01/01","package/66245","2025-07-08","2030-07-08"
103137,"UA/20905/01/01","product/36453","2025-07-08","2030-07-08"
103127,"UA/15102/01/03","package/66237","2021-03-22","2121-03-22"
103126,"UA/15102/01/03","package/66236","2021-03-22","2121-03-22"
103125,"UA/15102/01/03","product/36450","2021-03-21","2121-03-21"
103123,"UA/15102/01/04","package/66234","2021-03-22","2121-03-22"
103122,"UA/15102/01/04","package/66233","2021-03-22","2121-03-22"
103121,"UA/15102/01/04","product/36449","2021-03-21","2121-03-21"
103118,"UA/15102/01/02","package/66231","2021-03-22","2121-03-22"
103117,"UA/15102/01/02","package/66230","2021-03-22","2121-03-22"
103116,"UA/15102/01/02","product/36447","2021-03-21","2121-03-21"
103110,"UA/20909/01/04","package/66225","2025-07-08","2030-07-08"
103109,"UA/20909/01/04","package/66224","2025-07-08","2030-07-08"
103108,"UA/20909/01/04","package/66223","2025-07-08","2030-07-08"
103107,"UA/20909/01/04","package/66222","2025-07-08","2030-07-08"
103106,"UA/20909/01/04","product/36445","2025-07-08","2030-07-08"
103101,"UA/15102/01/01","package/66218","2021-03-22","2121-03-22"
103100,"UA/15102/01/01","package/66217","2021-03-22","2121-03-22"
103099,"UA/15102/01/01","product/36443","2021-03-21","2121-03-21"
103096,"UA/20909/01/03","package/66215","2025-07-08","2030-07-08"
103095,"UA/20909/01/03","package/66214","2025-07-08","2030-07-08"
103094,"UA/20909/01/03","package/66213","2025-07-08","2030-07-08"
103093,"UA/20909/01/03","package/66212","2025-07-08","2030-07-08"
103092,"UA/20909/01/03","product/36441","2025-07-08","2030-07-08"
103087,"UA/20911/01/02","package/66207","2025-07-08","2030-07-08"
103086,"UA/20911/01/02","product/36440","2025-07-08","2030-07-08"
103082,"UA/20902/01/01","package/66205","2025-07-08","2030-07-08"
103081,"UA/20902/01/01","package/66204","2025-07-08","2030-07-08"
103080,"UA/20902/01/01","product/36437","2025-07-08","2030-07-08"
103075,"UA/20900/01/01","package/66200","2025-07-08","2030-07-08"
103074,"UA/20900/01/01","package/66199","2025-07-08","2030-07-08"
103073,"UA/20900/01/01","product/36435","2025-07-08","2030-07-08"
103067,"UA/18488/01/01","package/66195","2025-07-08","2125-07-08"
103066,"UA/18488/01/01","product/36432","2025-07-08","2125-07-08"
103065,"UA/20911/01/01","package/66194","2025-07-08","2030-07-08"
103064,"UA/20911/01/01","product/36431","2025-07-08","2030-07-08"
103049,"UA/20910/01/01","package/66184","2025-07-08","2030-07-08"
103048,"UA/20910/01/01","product/36425","2025-07-08","2030-07-08"
103042,"UA/20912/01/01","package/66180","2025-07-08","2030-07-08"
103041,"UA/20912/01/01","product/36422","2025-07-08","2030-07-08"
103035,"UA/20909/01/02","package/66176","2025-07-08","2030-07-08"
103034,"UA/20909/01/02","package/66175","2025-07-08","2030-07-08"
103033,"UA/20909/01/02","package/66174","2025-07-08","2030-07-08"
103032,"UA/20909/01/02","package/66173","2025-07-08","2030-07-08"
103031,"UA/20909/01/02","product/36419","2025-07-08","2030-07-08"
103020,"UA/20909/01/01","package/66165","2025-07-08","2030-07-08"
103019,"UA/20909/01/01","package/66164","2025-07-08","2030-07-08"
103018,"UA/20909/01/01","package/66163","2025-07-08","2030-07-08"
103017,"UA/20909/01/01","package/66162","2025-07-08","2030-07-08"
103016,"UA/20909/01/01","product/36415","2025-07-08","2030-07-08"
103014,"UA/16648/01/01","package/66160","2025-07-08","2125-07-08"
103013,"UA/16648/01/01","product/36414","2025-07-08","2125-07-08"
103010,"UA/16657/01/01","package/66157","2022-11-03","2122-11-03"
103009,"UA/16657/01/01","product/36413","2022-11-03","2122-11-03"
103004,"UA/20908/01/01","package/66154","2025-07-08","2030-07-08"
103003,"UA/20908/01/01","product/36410","2025-07-08","2030-07-08"
103001,"UA/16657/01/02","package/66152","2022-11-03","2122-11-03"
103000,"UA/16657/01/02","product/36409","2022-11-03","2122-11-03"
102992,"UA/18271/01/01","package/66148","2025-07-08","2125-07-08"
102991,"UA/18271/01/01","product/36404","2025-07-08","2125-07-08"
102990,"UA/20908/01/02","package/66147","2025-07-08","2030-07-08"
102989,"UA/20908/01/02","product/36403","2025-07-08","2030-07-08"
102986,"UA/20907/01/01","package/66145","2025-07-08","2030-07-08"
102985,"UA/20907/01/01","product/36401","2025-07-08","2030-07-08"
102982,"UA/0689/01/01","package/66143","2020-02-17","2120-02-17"
102981,"UA/0689/01/01","product/36399","2020-02-17","2120-02-17"
102976,"UA/20906/01/01","package/66140","2025-07-08","2030-07-08"
102975,"UA/20906/01/01","product/36396","2025-07-08","2030-07-08"
102969,"UA/20903/01/01","package/66135","2025-07-08","2030-07-08"
102968,"UA/20903/01/01","product/36394","2025-07-08","2030-07-08"
102964,"UA/18569/01/01","package/66133","2025-07-08","2125-07-08"
102963,"UA/18569/01/01","product/36391","2025-07-08","2125-07-08"
102958,"UA/0688/01/01","package/66129","2020-02-17","2120-02-17"
102957,"UA/0688/01/01","product/36389","2020-02-17","2120-02-17"
102955,"UA/20901/01/02","package/66128","2025-07-08","2030-07-08"
102954,"UA/20901/01/02","product/36387","2025-07-08","2030-07-08"
102953,"UA/17741/01/01","package/66127","2025-07-08","2125-07-08"
102952,"UA/18384/01/01","product/36386","2025-07-08","2125-07-08"
102938,"UA/18384/01/01","package/66119","2025-07-08","2125-07-08"
102937,"UA/18384/01/01","product/36379","2025-07-08","2125-07-08"
102936,"UA/20901/01/01","package/66118","2025-07-08","2030-07-08"
102935,"UA/20901/01/01","product/36378","2025-07-08","2030-07-08"
102931,"UA/18097/01/02","package/66116","2025-07-08","2125-07-08"
102930,"UA/18097/01/02","product/36375","2025-07-08","2125-07-08"
102927,"UA/20258/01/02","package/66114","2025-07-08","2030-07-08"
102926,"UA/20258/01/02","product/36373","2025-07-08","2030-07-08"
102924,"UA/9839/01/01","package/66112","2019-08-12","2119-08-12"
102923,"UA/9839/01/01","package/66111","2019-08-12","2119-08-12"
102919,"UA/20899/01/01","package/66108","2025-07-08","2030-07-08"
102918,"UA/20899/01/01","package/66107","2025-07-08","2030-07-08"
102917,"UA/20899/01/01","product/36371","2025-07-08","2030-07-08"
102913,"UA/18097/01/01","package/66104","2025-07-08","2125-07-08"
43048,"UA/18808/01/01","product/16452","2021-06-28","2026-06-28"
43044,"UA/14416/01/02","package/26595","2020-06-26","2120-06-02"
43043,"UA/14416/01/02","product/16450","2020-06-26","2120-06-02"
43042,"UA/14416/01/01","package/26594","2020-06-26","2120-06-02"
43041,"UA/14416/01/01","product/16449","2020-06-26","2120-06-02"
43040,"UA/14416/02/01","package/26593","2020-06-26","2120-06-26"
43039,"UA/14416/02/01","product/16448","2020-06-26","2120-06-26"
43038,"UA/10084/01/01","package/26592","2019-06-24","2119-06-24"
43037,"UA/10084/01/01","product/16447","2019-06-24","2119-06-24"
43036,"UA/10084/01/02","package/26591","2019-06-24","2119-06-24"
43035,"UA/10084/01/02","product/16446","2019-06-24","2119-06-24"
43030,"UA/11903/01/01","package/26588","2016-12-22","2116-11-28"
43029,"UA/11903/01/01","product/16443","2016-12-22","2116-11-28"
43028,"UA/11903/01/02","package/26587","2016-12-22","2116-11-28"
43027,"UA/11903/01/02","product/16442","2016-12-22","2116-11-28"
43022,"UA/17823/01/01","package/26584","2024-12-02","2124-11-08"
43021,"UA/17823/01/01","product/16439","2024-12-02","2124-11-08"
43020,"UA/17823/01/01","package/26583","2019-12-17","2025-12-17"
43019,"UA/17823/01/01","product/16438","2019-12-17","2025-12-17"
